ticker,nombre,precio,score,recomendacion,es_lider_fase,regla_oro,momentum_vs_spy,rango_1m_pct,gan_max_1m,perd_min_1m,max_1m,min_1m,rango_3m_pct,gan_max_3m,perd_min_3m,max_3m,min_3m,rango_6m_pct,gan_max_6m,perd_min_6m,max_6m,min_6m
CVS,CVS,92.91999816894531,52.2,OPORTUNIDAD MODERADA,False,NEUTRO,11.2,0.2,13.4,0.02,105.37,92.9,18.9,18.29,4.27,109.92,88.95,58.4,18.29,25.7,109.92,69.04
TLT,Bonos Largos,82.04000091552734,47.0,VIGILAR,False,CAMBIO DE REGIMEN,-20.93,5.3,2.61,0.15,84.18,81.92,2.5,5.78,0.15,86.78,81.92,1.7,8.23,0.15,88.79,81.92
AAPL,AAPL,305.92999267578125,44.9,VIGILAR,False,CAMBIO DE REGIMEN,5.36,9.8,11.07,1.2,339.79,302.25,47.8,11.07,10.14,339.79,274.91,63.8,11.07,19.53,339.79,246.19
URA,URA,44.900001525878906,40.2,VIGILAR,True,CAMBIO DE REGIMEN,-27.96,95.5,0.78,16.44,45.25,37.52,46.4,18.98,16.44,53.42,37.52,35.6,29.76,16.44,58.26,37.52
AMZN,AMZN,263.1700134277344,37.7,VIGILAR,False,CAMBIO DE REGIMEN,17.93,63.7,7.92,13.88,284.02,226.65,63.7,7.92,13.88,284.02,226.65,75.5,7.92,24.46,284.02,198.79
PEP,PEP,139.72000122070312,29.4,NO RECOMENDADO,False,CAMBIO DE REGIMEN,-27.96,28.7,3.54,1.42,144.67,137.73,42.2,4.67,3.41,146.25,134.95,15.1,19.16,3.41,166.49,134.95
XLF,Financieros,57.880001068115234,28.8,NO RECOMENDADO,True,NEUTRO,-0.88,68.6,0.74,1.62,58.31,56.94,94.4,0.74,12.42,58.31,50.69,96.0,0.74,17.69,58.31,47.64
SMH,SMH,584.7000122070312,28.4,NO RECOMENDADO,False,NEUTRO,28.95,94.8,0.76,13.76,589.12,504.22,48.9,14.4,13.76,668.91,504.22,72.5,14.4,38.0,668.91,362.53
MU,MU,971.6599731445312,28.0,NO RECOMENDADO,False,NEUTRO,121.71,92.6,1.91,23.94,990.21,739.0,54.6,24.88,29.87,1213.37,681.44,72.9,24.88,66.89,1213.37,321.75
XLU,Utilidades,44.310001373291016,26.5,NO RECOMENDADO,False,CAMBIO DE REGIMEN,-17.89,37.3,4.47,2.66,46.29,43.13,42.8,4.47,3.35,46.29,42.83,34.7,6.29,3.35,47.1,42.83
CEG,CEG,282.4100036621094,26.1,NO RECOMENDADO,True,NEUTRO,-16.23,100.0,0.0,7.69,282.41,260.7,90.4,1.73,16.39,287.31,236.14,49.0,17.06,16.39,330.6,236.14
XLE,Energia,61.90999984741211,26.0,NO RECOMENDADO,True,NEUTRO,1.02,100.0,0.0,7.43,61.91,57.31,100.0,0.0,14.7,61.91,52.81,97.8,0.33,14.7,62.11,52.81
XLB,Materiales,52.540000915527344,24.8,NO RECOMENDADO,True,NEUTRO,-15.1,78.2,1.33,4.78,53.24,50.03,84.0,1.33,7.01,53.24,48.86,89.5,1.33,11.31,53.24,46.6
NU,NU,14.880000114440918,24.5,NO RECOMENDADO,True,NEUTRO,-23.91,79.0,2.35,8.87,15.23,13.56,90.4,2.35,22.04,15.23,11.6,85.6,3.7,22.04,15.43,11.6
IBM,IBM,234.32000732421875,24.3,NO RECOMENDADO,False,CAMBIO DE REGIMEN,-23.85,88.0,1.75,12.81,238.42,204.3,24.5,39.5,12.81,326.89,204.3,24.5,39.5,12.81,326.89,204.3
XLK,Tecnologia,190.00999450683597,24.0,NO RECOMENDADO,False,NEUTRO,22.02,96.9,0.4,12.34,190.77,166.57,74.6,4.19,12.34,197.97,166.57,88.7,4.19,32.98,197.97,127.35
XLI,Industriales,186.50999450683597,23.5,NO RECOMENDADO,True,NEUTRO,-4.93,100.0,0.0,5.28,186.51,176.66,100.0,0.0,9.75,186.51,168.33,100.0,0.0,16.24,186.51,156.23
LMT,LMT,608.6799926757812,23.5,NO RECOMENDADO,True,NEUTRO,-20.08,100.0,0.0,16.69,608.68,507.09,100.0,0.0,19.23,608.68,491.64,64.8,10.45,19.23,672.3,491.64
XLY,Consumo Ciclico,115.87999725341797,21.0,NO RECOMENDADO,False,CAMBIO DE REGIMEN,-12.31,46.7,3.43,3.01,119.86,112.39,60.0,4.1,6.14,120.63,108.76,63.7,5.12,9.0,121.82,105.45
GOOGL,GOOGL,345.20001220703125,20.9,NO RECOMENDADO,False,NEUTRO,-1.4,45.9,9.4,7.97,377.65,317.69,34.8,14.92,7.97,396.7,317.69,55.7,16.56,20.82,402.38,273.34
GLD,Oro,401.4800109863281,19.2,NO RECOMENDADO,False,CAMBIO DE REGIMEN,-27.68,90.8,0.86,8.44,404.92,367.6,68.3,4.22,9.1,418.43,364.96,29.2,22.05,9.1,490.0,364.96
SLV,SLV,62.77000045776367,17.5,NO RECOMENDADO,False,CAMBIO DE REGIMEN,-30.58,100.0,0.0,16.58,62.77,52.36,69.0,8.86,19.72,68.33,50.39,35.8,35.4,19.72,84.99,50.39
QQQ,Nasdaq100,721.1099853515625,16.9,NO RECOMENDADO,False,NEUTRO,7.28,77.4,1.52,5.21,732.07,683.55,71.0,3.36,8.23,745.34,661.73,87.1,3.36,22.67,745.34,557.67
TSM,TSM,426.0899963378906,15.8,NO RECOMENDADO,False,NEUTRO,2.45,92.1,1.03,12.07,430.49,374.67,50.0,12.08,12.07,477.57,374.67,68.2,12.08,25.89,477.57,315.76
XLC,Comunicacion,112.9499969482422,15.7,NO RECOMENDADO,False,CAMBIO DE REGIMEN,-15.31,100.0,0.0,6.7,112.95,105.38,67.0,3.3,6.7,116.68,105.38,56.4,5.17,6.7,118.79,105.38
IWM,Small Caps,299.80999755859375,13.3,NO RECOMENDADO,False,NEUTRO,2.05,62.0,1.76,2.87,305.09,291.2,78.1,1.76,6.28,305.09,280.98,92.0,1.76,20.27,305.09,239.04
NVDA,NVDA,225.3000946044922,13.1,NO RECOMENDADO,False,NEUTRO,8.93,100.0,0.0,15.66,225.3,190.01,100.0,0.0,15.66,225.3,190.01,85.6,4.51,26.77,235.47,164.98
XLRE,Bienes Raices,44.65999984741211,11.9,NO RECOMENDADO,False,NEUTRO,-8.77,45.3,1.57,1.3,45.36,44.08,56.7,3.02,3.95,46.01,42.89,78.7,3.02,11.19,46.01,39.66
XLP,Defensiva Consumidor,86.08999633789062,8.4,NO RECOMENDADO,False,NEUTRO,-17.07,69.4,1.48,3.35,87.36,83.21,79.2,1.48,5.6,87.36,81.27,67.5,3.25,6.75,88.89,80.28
XLV,Salud,171.5800018310547,5.6,NO RECOMENDADO,False,NEUTRO,-7.4,69.8,2.39,5.53,175.68,162.1,86.3,2.39,15.05,175.68,145.76,87.7,2.39,17.12,175.68,142.21
PFE,PFE,28.020000457763672,3.6,NO RECOMENDADO,False,NEUTRO,-13.99,85.0,1.96,11.1,28.57,24.91,89.6,1.96,16.98,28.57,23.26,89.6,1.96,16.98,28.57,23.26
