id,ratio,nivel,A,B,ok,last,z50,pct50,pend50,corr50,beta50,z120,pct120,pend120,corr120,beta120,z200,pct200,pend200,corr200,beta200,z365,pct365,pend365,corr365,beta365,regla_oro,accion
MAC1,DXY (DOP),M1 motor,DX-Y.NYB,-,True,99.9000015258789,-0.74,28.0,0.6,,,0.35,63.3,2.5,,,0.65,75.0,1.8,,,0.29,73.7,-1.5,,,NEUTRO,VIGILAR
MAC2,TNX 10Y,M1 costo dinero,^TNX,-,True,4.696000099182129,1.37,92.0,5.9,,,1.55,96.7,12.1,,,1.93,98.0,14.4,,,2.26,98.9,4.4,,,ALCISTA CONFIRMADA,MANTENER/ACUMULAR
MAC3,Curva IRX/TNX,M1 fase ciclo,^IRX,^TNX,True,0.7872657471508067,-1.54,2.0,-3.0,0.21024790846643834,0.16221324291855385,-1.33,5.8,-8.0,0.21576996843174748,0.10383797443715519,-1.45,3.5,-13.3,0.19586830403637617,0.10158503096836419,-1.64,1.9,-24.4,0.29222816480444996,0.12287572934962201,BAJISTA CONFIRMADA,ROTAR/NO COMPRAR
MAC4,VIX,M1 miedo,^VIX,-,True,14.600000381469728,-1.42,2.0,-10.9,,,-1.28,0.8,-44.5,,,-1.15,4.5,-2.1,,,-0.93,3.3,-23.8,,,BAJISTA CONFIRMADA,ROTAR/NO COMPRAR
MAC5,CRB/TLT inflacion,M1 inflacion,^SPGSCI,TLT,True,8.421142574994503,1.24,90.0,2.3,-0.48257820817166597,-1.4580603005416963,0.45,65.0,0.9,-0.4200051543836315,-1.490028884195752,0.99,79.0,32.4,-0.3476015611496667,-1.073509770778164,1.6,88.5,30.8,-0.2506912568962295,-0.5414492958647548,NEUTRO,VIGILAR
MAC6,GLD/DXY,M1 confirma dolar,GLD,DX-Y.NYB,True,4.048795168268921,1.28,86.0,-6.5,-0.5627719905847011,-3.1309517847060047,-0.36,36.7,-27.4,-0.42219902816431243,-2.1350406006409024,-0.29,43.5,-3.0,-0.4442349664907467,-2.5808825528066572,0.57,68.8,46.4,-0.43880599773566603,-1.6964383905642755,CAMBIO DE REGIMEN,VIGILAR
AA1,SPY/TLT,M2 asset allocation,SPY,TLT,True,9.407989093803364,2.09,96.0,7.3,0.3277997680492637,0.5395350721052821,1.76,98.3,19.9,0.4203999093242985,0.6360253829158822,2.3,99.0,18.0,0.32082181484058364,0.47304739344714486,2.26,99.5,30.0,0.16290909020227842,0.2700036197912307,ALCISTA CONFIRMADA,MANTENER/ACUMULAR
AA2,SPY/GLD,M2 risk on/off,SPY,GLD,True,1.907759470061957,-0.9,20.0,5.9,0.5368548367985803,0.3004503173042854,0.76,66.7,40.1,0.4872475325007395,0.25909649611165086,1.04,80.0,17.5,0.34489676480465514,0.15575120793550806,0.51,61.1,-12.8,0.15113661612585602,0.10352836783851539,CAMBIO DE REGIMEN,VIGILAR
S1,XLE/SPY,S3 Energia,XLE,SPY,True,0.07900425837334185,1.09,82.0,4.1,-0.3093257315552837,-0.49838268337248676,-0.14,48.3,-15.3,-0.4021884617882591,-0.6659340758222192,0.5,67.5,19.6,-0.22688774796590105,-0.3847966775664769,0.9,79.2,13.4,0.35092423081592855,0.4862880515900866,NEUTRO,VIGILAR
S2,XLY/SPY,S3 Discrecional,XLY,SPY,True,0.15261039091766143,-1.01,12.0,-2.8,0.7084303730884414,1.0714458402406535,-1.38,5.0,-12.5,0.7788522320526163,1.1709583355409472,-1.65,3.0,-16.5,0.7746626172540071,1.1629355110673583,-2.2,1.6,-15.3,0.8636354793296006,1.1262701151825407,BAJISTA CONFIRMADA,ROTAR/NO COMPRAR
S3,XLC/SPY,S3 Comunicacion,XLC,SPY,True,0.14274618187558685,-1.67,0.0,-3.5,0.39096318310374384,0.5421909479635811,-1.44,0.0,-22.1,0.5543863101353689,0.6618923336119172,-1.99,0.0,-17.6,0.5671214949550547,0.656452378777128,-2.68,0.0,-13.9,0.7924841657996045,0.8086342499087527,BAJISTA CONFIRMADA,ROTAR/NO COMPRAR
S4,XLB/SPY,S3 Materiales,XLB,SPY,True,0.06806560925805888,-0.51,34.0,-0.3,0.4118252707903424,0.5616086198329266,-0.96,20.8,-13.7,0.5387082262333546,0.7128070591194476,-0.42,38.5,5.7,0.5269284280134219,0.7262191603419943,-0.69,27.4,-5.3,0.7171428264598253,0.8095410823744789,NEUTRO,VIGILAR
S5,XLK/SPY,S3 Tecnologia,XLK,SPY,True,0.24448213309929245,-0.05,54.0,-7.6,0.8480708308736148,2.130471143313992,0.82,76.7,22.0,0.8473564959432249,1.819236259626862,1.32,86.0,18.7,0.8589002983257915,1.77961996006917,1.8,92.3,23.7,0.8975676091126122,1.4292573411203646,NEUTRO,VIGILAR
I1,SMH/XLK,I4 Semis,SMH,XLK,True,3.0966325066176488,-1.18,20.0,-9.0,0.9615134929438892,1.4934646988127804,-0.09,45.0,13.4,0.936543056366686,1.4283526790403374,0.63,67.0,34.4,0.9290513971071016,1.3867886261493108,1.2,81.9,56.0,0.941293831481856,1.3316758411801555,NEUTRO,VIGILAR
I2,LIT/XLB,I4 Litio,LIT,XLB,True,1.4303917167239864,-0.43,40.0,-23.7,0.42731819948596206,0.7797904995290609,-0.69,26.7,-1.0,0.5864571405682444,1.0643977649519685,-0.48,35.0,8.0,0.5418202018381844,0.9662232534555342,0.63,64.4,67.0,0.5888819829247373,0.9779939521360873,NEUTRO,VIGILAR
I3,URA/XLE,I4 Uranio,URA,XLE,True,0.7406193948388637,-0.37,38.0,-23.6,-0.25036752286342356,-0.5403595184805122,-1.05,16.7,-28.6,-0.296315678374186,-0.6369027705858195,-1.37,10.0,-40.3,-0.09762409519192466,-0.2286054573810031,-0.74,21.6,23.3,0.07160920691331761,0.14152712846472834,CAMBIO DE REGIMEN,VIGILAR
I4,URA/XLU,I4 Uranio-util,URA,XLU,True,1.031021911624498,0.69,78.0,-17.5,-0.007500200273810041,-0.02543019678227686,-0.34,34.2,-23.5,0.1448892459957175,0.4551661776401889,-0.5,30.5,-11.8,0.13746770980481204,0.4678156076800139,0.27,54.0,47.4,0.2058144308735173,0.6311419658309929,CAMBIO DE REGIMEN,VIGILAR
A1,NVDA/SMH,A5 Activo,NVDA,SMH,True,0.3831711604903226,1.49,92.0,15.9,0.6883082454171261,0.48532024209407565,-0.22,46.7,-35.3,0.6582008444572964,0.5504905565720595,-0.79,28.0,-51.3,0.6754835831233232,0.6246388847211711,-1.33,15.3,-47.4,0.7738134925301045,0.8081601944000806,NEUTRO,VIGILAR
A2,TSM/SMH,A5 Activo,TSM,SMH,True,0.7338029536034515,0.87,78.0,5.7,0.8795998962025275,0.7889155228645712,-0.56,45.8,-27.5,0.8330069136738631,0.821995402485919,-0.99,27.5,-19.2,0.832588094812733,0.8259823984544784,-1.3,15.1,-5.0,0.8486055630446859,0.8577161280100594,NEUTRO,VIGILAR
A3,MP/LIT,A5 Activo,MP,LIT,True,0.7194522173784037,0.28,66.0,-17.5,0.5763264513110238,1.1667062584841161,-0.29,40.8,-18.4,0.5775712292439222,1.2103896892691883,-0.77,24.5,-44.0,0.5314403056341542,1.214605320428433,-0.62,32.3,-18.2,0.3257032383879438,0.8769796201939433,BAJISTA CONFIRMADA,ROTAR/NO COMPRAR
A4,AMZN/XLY,A5 Activo,AMZN,XLY,True,2.267198237026761,1.34,82.0,9.2,0.7167242204042807,1.5282421186950248,1.14,86.7,16.7,0.739209687856548,1.3013295133709633,1.55,92.0,15.3,0.7314804762132918,1.3193951320493758,2.12,95.6,9.0,0.7705175831874368,1.1940355859299834,ALCISTA CONFIRMADA,MANTENER/ACUMULAR
A5,GOOGL/XLC,A5 Activo,GOOGL,XLC,True,3.1154440827356558,-1.14,12.0,-4.3,0.751299003407088,1.4890448952064175,0.23,45.0,24.3,0.7187408384725077,1.5524494449518562,0.7,67.0,28.7,0.6496443447200531,1.4080248920410112,1.17,81.9,81.9,0.6623444388919749,1.195460784511542,NEUTRO,VIGILAR
LOC1,PAMP/MERV,A5 Local,PAMP.BA,^MERV,True,0.001683600464607051,1.6,94.0,6.1,0.847138901588823,0.7746483245799045,0.02,50.8,-8.8,0.8126785129389317,0.8111834420611256,-0.32,43.0,-11.8,0.8732099929685286,0.7859193570129641,-0.41,41.9,-2.8,0.8915793891121022,0.8624362758266291,NEUTRO,VIGILAR
LOC2,ARGT/EEM,S3 Pais,ARGT,EEM,True,1.3712006998012292,-0.98,18.0,5.9,0.5742401853860866,0.45810197470281777,-1.05,13.3,-9.1,0.5786691845180116,0.5084972990771441,-1.33,8.5,-22.2,0.45571569900826875,0.6084211812482743,-1.21,9.6,-34.9,0.48177005568731934,0.7445248407840982,NEUTRO,VIGILAR
LOC3,MERV/EEM,S3 Pais ctx,^MERV,EEM,True,45132.77221366667,-1.38,2.0,8.1,0.48272800553453415,0.4575970980764736,-0.67,23.3,4.3,0.38202077285403346,0.39234273135561715,-0.69,20.5,-7.7,0.2997736211321149,0.4773573376884767,-0.51,27.4,-8.9,0.37895098773927444,0.7316394400475069,CAMBIO DE REGIMEN,VIGILAR
EXT1,USO/XLE,P6 PAMP petroleo,USO,XLE,True,2.085859505128183,-0.33,40.0,-7.6,0.7456168716995004,1.7252926838289946,-0.22,35.8,12.2,0.6250787367256622,1.654229154622742,0.5,61.5,46.6,0.6167313521923117,1.4120326647069001,0.93,78.9,28.8,0.6203845094869256,1.1142588659916377,NEUTRO,VIGILAR
EXT2,FXI/SPY,P6 geopolitica,FXI,SPY,True,0.045605768343415655,-0.18,38.0,3.0,0.27107262247658,0.3785869465469485,-1.05,15.8,-23.5,0.47496724562579856,0.6704058230680008,-1.46,9.5,-30.0,0.49611181108352564,0.7246883797766441,-1.96,5.2,-29.8,0.5370757331428355,0.7044633917778099,NEUTRO,VIGILAR
EXT3,EWY/SPY,P6 Asia TSM,EWY,SPY,True,0.22766637411551208,-0.59,36.0,-31.0,0.6993203234044779,3.8839653037384054,-0.03,56.7,21.0,0.7124803401658898,3.6463257133328404,0.66,74.0,69.6,0.6565552965611596,2.9609196323568114,1.25,85.8,113.0,0.5367244367728565,1.4467347067049168,NEUTRO,VIGILAR
EXT4,N225/SPY,P6 Asia TSM,^N225,SPY,True,87.41092228200014,-0.59,30.0,-4.7,0.35904790974747297,0.8653219900277478,0.4,70.8,11.6,0.18709820705937025,0.4418341450569153,0.94,82.5,25.1,0.17791568696703242,0.4041222832776484,1.44,90.4,39.2,0.028475302089378682,0.044214557038934406,NEUTRO,VIGILAR
