Date,Open,High,Low,Close,Volume,Dividends,Stock Splits
2025-02-10 00:00:00-03:00,6367.8804260350635,6397.870443740095,6297.903718056656,6307.900390625,18223,0.0,0.0
2025-02-11 00:00:00-03:00,6367.88031717778,6457.85036875486,6367.88031717778,6427.8603515625,10353,0.0,0.0
2025-02-12 00:00:00-03:00,6437.856911823249,6437.856911823249,6237.923467356688,6277.91015625,1254,0.0,0.0
2025-02-13 00:00:00-03:00,6307.900082441127,6307.900082441127,6267.913394121373,6287.90673828125,26906,0.0,0.0
2025-02-14 00:00:00-03:00,6467.847148674962,6577.810546875,6417.863785856763,6577.810546875,2407,0.0,0.0
2025-02-17 00:00:00-03:00,6737.757106638878,6737.757106638878,6617.797039458364,6707.76708984375,400,0.0,0.0
2025-02-18 00:00:00-03:00,6447.85362207494,6447.85362207494,6197.9368150177725,6327.8935546875,9460,0.0,0.0
2025-02-19 00:00:00-03:00,6347.887136718749,6357.883809375,6247.92041015625,6247.92041015625,10998,0.0,0.0
2025-02-20 00:00:00-03:00,6247.920374716482,6287.907065114668,6107.966958322832,6197.93701171875,9487,0.0,0.0
2025-02-21 00:00:00-03:00,6247.920283564815,6247.920283564815,6117.963541666666,6207.93359375,11731,0.0,0.0
2025-02-24 00:00:00-03:00,6267.913683784299,6277.91035632622,6137.956940739329,6147.95361328125,2288,0.0,0.0
2025-02-25 00:00:00-03:00,6067.980179398148,6237.92361111111,6067.980179398148,6207.93359375,1580,0.0,0.0
2025-02-26 00:00:00-03:00,6207.933428596048,6207.933428596048,6087.973362342984,6117.96337890625,4572,0.0,0.0
2025-02-27 00:00:00-03:00,6127.959871074664,6147.953214862836,6017.996480239719,6137.95654296875,90499,0.0,0.0
2025-02-28 00:00:00-03:00,6147.953410981697,6187.9400998336105,5968.013311148086,6008.0,45343,0.0,0.0
2025-03-05 00:00:00-03:00,5988.00692109375,6247.92041015625,5938.0235578125,6247.92041015625,19,0.0,0.0
2025-03-06 00:00:00-03:00,6337.890008060515,6387.873367745536,6177.943257068452,6297.9033203125,3384,0.0,0.0
2025-03-07 00:00:00-03:00,6397.870407348242,6397.870407348242,6227.9269746530545,6257.9169921875,2272,0.0,0.0
2025-03-10 00:00:00-03:00,6247.920155332,6247.920155332,6117.9634161010945,6167.94677734375,2087,0.0,0.0
2025-03-11 00:00:00-03:00,6217.9303021415735,6437.857097394169,6137.956922049721,6257.9169921875,1815,0.0,0.0
2025-03-12 00:00:00-03:00,6227.926938657407,6477.84375,6087.973524305556,6477.84375,8434,0.0,0.0
2025-03-13 00:00:00-03:00,6237.923504146919,6327.8935546875,6187.940142735485,6327.8935546875,8767,0.0,0.0
2025-03-14 00:00:00-03:00,6507.833660333807,6637.790400094696,6487.840315755208,6597.8037109375,10966,0.0,0.0
2025-03-17 00:00:00-03:00,6737.756950743831,6897.703703283744,6737.756950743831,6887.70703125,4997,0.0,0.0
2025-03-18 00:00:00-03:00,6527.826968034351,6577.8103291984735,6377.8768845419845,6547.8203125,26082,0.0,0.0
2025-03-19 00:00:00-03:00,6547.82052918408,6687.773945075038,6547.82052918408,6577.810546875,46396,0.0,0.0
2025-03-20 00:00:00-03:00,6567.813489412007,6567.813489412007,6377.876721833882,6457.85009765625,776,0.0,0.0
2025-03-21 00:00:00-03:00,6527.827130807251,6527.827130807251,6367.88037109375,6367.88037109375,749,0.0,0.0
2025-03-25 00:00:00-03:00,6497.837130910222,6657.783891055704,6497.837130910222,6527.8271484375,17403,0.0,0.0
2025-03-26 00:00:00-03:00,6507.833803419315,6577.810510982963,6377.87706080111,6527.8271484375,27828,0.0,0.0
2025-03-27 00:00:00-03:00,6527.8268015008225,6627.7935212787825,6437.8567537006575,6457.85009765625,609,0.0,0.0
2025-03-28 00:00:00-03:00,6417.863461303711,6497.836837768555,6317.896740722656,6397.8701171875,27583,0.0,0.0
2025-03-31 00:00:00-03:00,6447.853642773738,6557.817038231895,6367.880264258715,6487.84033203125,6645,0.0,0.0
2025-04-01 00:00:00-03:00,6257.916885041144,6617.7970892927115,6257.916885041144,6377.876953125,16187,0.0,0.0
2025-04-03 00:00:00-03:00,6527.827219138858,6787.740707190328,6527.827219138858,6627.7939453125,22615,0.0,0.0
2025-04-04 00:00:00-03:00,6507.8336393936825,6927.6938741932745,6297.903521993886,6437.85693359375,2492,0.0,0.0
2025-04-07 00:00:00-03:00,6377.876773071289,6397.8701171875,6067.97993927002,6397.8701171875,1671,0.0,0.0
2025-04-08 00:00:00-03:00,6347.886732052534,6347.886732052534,6177.943307729867,6237.92333984375,888,0.0,0.0
2025-04-09 00:00:00-03:00,6177.9437015625,6637.79064375,6167.94702890625,6247.92041015625,5001,0.0,0.0
2025-04-10 00:00:00-03:00,6307.900371610933,6517.830494913357,6307.900371610933,6417.86376953125,7046,0.0,0.0
2025-04-11 00:00:00-03:00,6417.8635517532275,6617.796995733079,6337.890174161287,6387.87353515625,62325,0.0,0.0
2025-04-14 00:00:00-03:00,6397.87035123967,6397.87035123967,5858.050040353822,6047.98681640625,19727,0.0,0.0
2025-04-15 00:00:00-03:00,5818.063333882914,6167.946867707487,5818.063333882914,6157.9501953125,2944,0.0,0.0
2025-04-16 00:00:00-03:00,6087.973315429687,6097.969987540409,5798.06982421875,5798.06982421875,931,0.0,0.0
2025-04-21 00:00:00-03:00,5898.0366056572375,6017.996672212978,5898.0366056572375,6008.0,83,0.0,0.0
2025-04-22 00:00:00-03:00,5788.073050009238,5928.026457090636,5678.109658730997,5918.02978515625,5696,0.0,0.0
2025-04-23 00:00:00-03:00,5898.036799733231,6267.913683784299,5898.036799733231,6147.95361328125,341,0.0,0.0
2025-04-24 00:00:00-03:00,6167.946798170912,6497.836983486374,6167.946798170912,6327.8935546875,169,0.0,0.0
2025-04-25 00:00:00-03:00,6537.82369360314,6537.82369360314,6337.890247315581,6487.84033203125,1621,0.0,0.0
2025-04-28 00:00:00-03:00,6347.886936104036,6547.820382910462,6287.906902062108,6377.876953125,4210,0.0,0.0
2025-04-29 00:00:00-03:00,6437.85697045936,6657.783761375674,6437.85697045936,6487.84033203125,2114,0.0,0.0
2025-04-30 00:00:00-03:00,6397.870459814529,6617.797256870653,6387.873787221069,6467.84716796875,21293,0.0,0.0
2025-05-05 00:00:00-03:00,6637.790232574885,6667.780248685916,6467.846807945709,6507.83349609375,1248,0.0,0.0
2025-05-06 00:00:00-03:00,6487.840204093993,6727.760334907945,6447.853515625,6447.853515625,3713,0.0,0.0
2025-05-07 00:00:00-03:00,6397.8701695583595,6567.813595937253,6237.9234153194,6337.89013671875,90,0.0,0.0
2025-05-08 00:00:00-03:00,6347.886989931517,6547.820438433297,6277.910282955893,6317.89697265625,168,0.0,0.0
2025-05-09 00:00:00-03:00,6607.800151893479,6807.733590679968,6607.800151893479,6677.77685546875,1525,0.0,0.0
2025-05-12 00:00:00-03:00,6637.7902304063855,6887.70703125,6477.843477866473,6887.70703125,4629,0.0,0.0
2025-05-13 00:00:00-03:00,6747.753559044021,6837.723606497942,6617.796823832803,6677.77685546875,6388,0.0,0.0
2025-05-14 00:00:00-03:00,6887.707283407182,6887.707283407182,6687.77383541278,6697.7705078125,4618,0.0,0.0
2025-05-15 00:00:00-03:00,6747.753835689126,6957.683955021676,6697.770473943281,6917.697265625,17378,0.0,0.0
2025-05-16 00:00:00-03:00,6737.756900573291,7007.667043474595,6717.763556654676,6947.68701171875,343,0.0,0.0
2025-05-19 00:00:00-03:00,6897.703639562677,7057.650390625,6887.706967621282,7057.650390625,2188,0.0,0.0
2025-05-20 00:00:00-03:00,7057.650586501172,7057.650586501172,6837.723797686688,6927.69384765625,215,0.0,0.0
2025-05-21 00:00:00-03:00,6927.693917720276,6987.673951639932,6747.753815961308,6757.75048828125,340,0.0,0.0
2025-05-23 00:00:00-03:00,6757.750398125923,6907.7004809245755,6747.753725939347,6767.7470703125,213,0.0,0.0
2025-05-26 00:00:00-03:00,6727.760595772189,7067.6474609375,6717.763923267326,7067.6474609375,263,0.0,0.0
2025-05-27 00:00:00-03:00,6867.713711353058,7067.647152731604,6867.713711353058,7047.65380859375,95,0.0,0.0
2025-05-28 00:00:00-03:00,6807.733977194393,6807.733977194393,6797.7373046875,6797.7373046875,52,0.0,0.0
2025-05-30 00:00:00-03:00,6797.737057403434,7157.617254560087,6797.737057403434,6987.673828125,61,0.0,0.0
2025-06-02 00:00:00-03:00,6777.743713116953,6987.673828125,6777.743713116953,6987.673828125,21,0.0,0.0
2025-06-03 00:00:00-03:00,6847.720576214895,6937.6906275812225,6797.737214344714,6807.73388671875,156,0.0,0.0
2025-06-04 00:00:00-03:00,6797.736944901316,7097.6371042351975,6797.736944901316,6837.7236328125,275,0.0,0.0
2025-06-05 00:00:00-03:00,6747.753696687232,7117.630565987125,6747.753696687232,6987.673828125,131,0.0,0.0
2025-06-06 00:00:00-03:00,6947.687154370686,6947.687154370686,6857.717104889626,6877.71044921875,50,0.0,0.0
2025-06-09 00:00:00-03:00,6667.780597057482,6897.704065921533,6667.780597057482,6847.720703125,32,0.0,0.0
2025-06-10 00:00:00-03:00,6897.703703283744,6897.703703283744,6847.720343115022,6887.70703125,3239,0.0,0.0
2025-06-11 00:00:00-03:00,7017.664006573514,7017.664006573514,6777.743869596641,6807.73388671875,101,0.0,0.0
2025-06-12 00:00:00-03:00,6987.673918366091,6987.673918366091,6827.727162008641,6977.67724609375,136,0.0,0.0
2025-06-13 00:00:00-03:00,6977.677482450181,6977.677482450181,6837.7240658967385,6897.7041015625,108,0.0,0.0
2025-06-17 00:00:00-03:00,6967.680381120341,7187.607165029448,6967.680381120341,7107.6337890625,215,0.0,0.0
2025-06-18 00:00:00-03:00,7137.623948530718,7137.623948530718,6827.727110429244,7037.6572265625,23,0.0,0.0
2025-06-19 00:00:00-03:00,7037.657478932584,7117.630859375,7037.657478932584,7117.630859375,76,0.0,0.0
2025-06-23 00:00:00-03:00,6907.700465712437,6957.683826535247,6687.7736780920695,6877.71044921875,5668,0.0,0.0
2025-06-24 00:00:00-03:00,6907.700362025669,7237.590538504464,6907.700362025669,6997.67041015625,7566,0.0,0.0
2025-06-25 00:00:00-03:00,7047.653898759322,7047.653898759322,7037.6572265625,7037.6572265625,26,0.0,0.0
2025-06-26 00:00:00-03:00,7017.664153051444,7017.664153051444,6987.674135303361,7007.66748046875,78,0.0,0.0
2025-06-27 00:00:00-03:00,7127.627477449295,7177.61083984375,7107.634132491513,7177.61083984375,2864,0.0,0.0
2025-06-30 00:00:00-03:00,7177.6104674710095,7397.537250596863,7177.6104674710095,7327.560546875,36092,0.0,0.0
2025-07-01 00:00:00-03:00,7427.527614944046,7437.524287373311,7327.5608906513935,7397.53759765625,9639,0.0,0.0
2025-07-02 00:00:00-03:00,7177.610565145339,7597.470793190053,7177.610565145339,7587.47412109375,2777,0.0,0.0
2025-07-03 00:00:00-03:00,7517.497365196078,7857.384214154412,7517.497365196078,7647.4541015625,25848,0.0,0.0
2025-07-04 00:00:00-03:00,7797.404203869048,8187.2744140625,7747.420843587835,8187.2744140625,949,0.0,0.0
2025-07-07 00:00:00-03:00,7827.394440942881,8177.277972785794,7487.507581438337,7837.39111328125,9316,0.0,0.0
2025-07-08 00:00:00-03:00,7837.3912037037035,7867.381221064815,7527.494357638889,7827.39453125,2794,0.0,0.0
2025-07-10 00:00:00-03:00,7337.5572317023025,7427.527279502467,7197.6038240131575,7217.59716796875,25878,0.0,0.0
2025-07-11 00:00:00-03:00,7267.580618552792,7277.57729065534,7097.637192809466,7207.6005859375,28326,0.0,0.0
2025-07-14 00:00:00-03:00,7297.570909590442,7337.557599506006,7117.630804970404,7177.61083984375,89,0.0,0.0
2025-07-15 00:00:00-03:00,7377.54399734247,7377.54399734247,7157.617211513832,7317.56396484375,499,0.0,0.0
2025-07-16 00:00:00-03:00,7127.627371174015,7297.57080078125,7057.650664865154,7297.57080078125,155,0.0,0.0
2025-07-17 00:00:00-03:00,7377.544072976331,7417.53076171875,7247.587334563469,7417.53076171875,2291,0.0,0.0
2025-07-18 00:00:00-03:00,7417.530868739298,7417.530868739298,7207.600749812714,7297.57080078125,6227,0.0,0.0
2025-07-21 00:00:00-03:00,7277.577456121575,7497.504247377996,7237.5907668022255,7297.57080078125,180,0.0,0.0
2025-07-22 00:00:00-03:00,7367.547273299881,7377.5439453125,7077.643784933943,7377.5439453125,71,0.0,0.0
2025-07-23 00:00:00-03:00,7077.643885588843,7347.554033768079,7067.6472134340565,7257.583984375,171,0.0,0.0
2025-07-24 00:00:00-03:00,7017.663955816702,7257.584091058298,6937.690577402836,7137.6240234375,587,0.0,0.0
2025-07-25 00:00:00-03:00,7257.5841651199935,7397.537578772445,7237.5908203125,7237.5908203125,8416,0.0,0.0
2025-07-28 00:00:00-03:00,7217.597584928019,7217.597584928019,7117.630859375,7117.630859375,216,0.0,0.0
2025-07-29 00:00:00-03:00,7287.57409146013,7287.57409146013,7247.58740234375,7247.58740234375,285,0.0,0.0
2025-07-30 00:00:00-03:00,7177.6105181288685,7397.5373028069125,7127.627157974768,7267.58056640625,48,0.0,0.0
2025-07-31 00:00:00-03:00,7397.537365265708,7507.500758533171,7397.537365265708,7477.5107421875,69,0.0,0.0
2025-08-01 00:00:00-03:00,7597.47101070374,7707.434406911294,7577.47766593873,7617.46435546875,2914,0.0,0.0
2025-08-04 00:00:00-03:00,7787.407785971333,7787.407785971333,7507.500959261196,7617.46435546875,144,0.0,0.0
2025-08-05 00:00:00-03:00,7557.484179433518,7797.404312113947,7547.487507238499,7687.44091796875,423,0.0,0.0
2025-08-06 00:00:00-03:00,7857.384617949695,8197.271484375,7807.401255240091,8197.271484375,675,0.0,0.0
2025-08-07 00:00:00-03:00,8127.294539662335,8127.294539662335,7897.371077900671,8007.33447265625,150,0.0,0.0
2025-08-08 00:00:00-03:00,8007.334670964341,8227.261465922164,7997.337998466258,8147.2880859375,588,0.0,0.0
2025-08-11 00:00:00-03:00,7917.364583333333,8167.281394675925,7917.364583333333,8097.3046875,28,0.0,0.0
2025-08-12 00:00:00-03:00,8157.284829545455,8347.221608664773,8147.288156960228,8247.2548828125,285,0.0,0.0
2025-08-13 00:00:00-03:00,8287.24157315341,8347.221608664773,8237.258210227274,8247.2548828125,222,0.0,0.0
2025-08-14 00:00:00-03:00,8227.26120808163,8227.26120808163,8067.314453125,8067.314453125,284,0.0,0.0
2025-08-18 00:00:00-03:00,8047.321252441407,8197.271337890625,7997.337890625,7997.337890625,231,0.0,0.0
2025-08-19 00:00:00-03:00,7847.387673089036,7857.384345284054,7577.477523823553,7687.44091796875,358,0.0,0.0
2025-08-20 00:00:00-03:00,7607.467375102796,7607.467375102796,7597.470703125,7597.470703125,2,0.0,0.0
2025-08-21 00:00:00-03:00,7597.471099698604,7897.371274686707,7597.471099698604,7877.3779296875,95,0.0,0.0
2025-08-22 00:00:00-03:00,8007.3344935740515,8327.228006425948,7997.33782129743,8167.28125,899,0.0,0.0
2025-08-25 00:00:00-03:00,8127.294317948191,8387.207789370888,8127.294317948191,8357.2177734375,457,0.0,0.0
2025-08-26 00:00:00-03:00,8357.218317018072,8357.218317018072,8137.291519201807,8297.23828125,567,0.0,0.0
2025-08-27 00:00:00-03:00,8207.267556114695,8427.1943359375,7827.3940273298485,8427.1943359375,795,0.0,0.0
2025-08-28 00:00:00-03:00,8507.167789007548,8687.107883252125,8397.204398080305,8527.1611328125,229,0.0,0.0
2025-08-29 00:00:00-03:00,8527.161274794991,8527.161274794991,8397.204537898935,8457.1845703125,652,0.0,0.0
2025-09-01 00:00:00-03:00,10471.514189346977,10496.505869989809,9196.9384765625,9196.9384765625,126,0.0,0.0
2025-09-02 00:00:00-03:00,8607.134547093532,8697.104594624127,8447.18779592803,8577.14453125,510,0.0,0.0
2025-09-03 00:00:00-03:00,8597.138055819218,8657.118088766794,8397.204612660631,8557.1513671875,1673,0.0,0.0
2025-09-04 00:00:00-03:00,8577.14435183503,8717.097756177325,8507.167649663881,8597.1376953125,13833,0.0,0.0
2025-09-05 00:00:00-03:00,8977.012194851899,8977.012194851899,8697.105355814201,8817.0654296875,174,0.0,0.0
2025-09-08 00:00:00-03:00,9236.925090144232,9296.905123197115,8642.123095703126,9096.9716796875,707,0.0,0.0
2025-09-09 00:00:00-03:00,9126.961581267458,9126.961581267458,8947.021484375,8947.021484375,1678,0.0,0.0
2025-09-10 00:00:00-03:00,8992.006944324015,9026.99529819298,8827.06184751318,9007.001953125,14785,0.0,0.0
2025-09-11 00:00:00-03:00,9012.000180764488,9231.926973861348,8992.0068359375,8992.0068359375,684,0.0,0.0
2025-09-12 00:00:00-03:00,9066.98184430955,9276.911964188823,9066.98184430955,9211.93359375,56671,0.0,0.0
2025-09-15 00:00:00-03:00,8717.098412828947,9686.77564453125,8547.154980468751,9496.8388671875,377,0.0,0.0
2025-09-16 00:00:00-03:00,9496.839087031001,9496.839087031001,9281.910623482405,9391.8740234375,1929,0.0,0.0
2025-09-17 00:00:00-03:00,9486.842229446309,9701.77068880679,9486.842229446309,9681.77734375,2436,0.0,0.0
2025-09-18 00:00:00-03:00,9676.77897053256,10206.602612514198,9676.77897053256,9901.7041015625,4740,0.0,0.0
2025-09-19 00:00:00-03:00,9886.708598560654,10156.618742302957,9886.708598560654,10146.6220703125,9840,0.0,0.0
2025-09-22 00:00:00-03:00,10126.629472571882,10126.629472571882,9196.938908949784,9256.9189453125,177,0.0,0.0
2025-09-23 00:00:00-03:00,8417.198172161618,8992.0068359375,8417.198172161618,8992.0068359375,5,0.0,0.0
2025-09-24 00:00:00-03:00,8992.007069581436,9996.672673242287,8547.155135622155,9881.7109375,217,0.0,0.0
2025-09-25 00:00:00-03:00,9736.759009225028,9736.759009225028,8827.06181226458,8957.0185546875,296,0.0,0.0
2025-09-26 00:00:00-03:00,8917.031928126606,9731.7607421875,8917.031928126606,9731.7607421875,249,0.0,0.0
2025-09-29 00:00:00-03:00,9351.88725485261,9696.7724609375,9351.88725485261,9696.7724609375,138,0.0,0.0
2025-09-30 00:00:00-03:00,9796.738827578672,10006.6689453125,9671.780424165678,10006.6689453125,37830,0.0,0.0
2025-10-01 00:00:00-03:00,10466.515534112004,10566.482253635519,9931.6935846612,10096.638671875,35,0.0,0.0
2025-10-02 00:00:00-03:00,9971.68044157349,10246.58892492514,9766.748663074986,9806.7353515625,191,0.0,0.0
2025-10-03 00:00:00-03:00,9716.765733339753,9731.7607421875,9521.830618319049,9731.7607421875,78375,0.0,0.0
2025-10-06 00:00:00-03:00,9796.739078861257,9796.739078861257,9546.822265625,9546.822265625,10432,0.0,0.0
2025-10-07 00:00:00-03:00,9546.821538474198,9586.80822554634,9411.866469605713,9491.83984375,1301,0.0,0.0
2025-10-08 00:00:00-03:00,9666.782008760698,9691.773689238362,9531.826934181308,9636.7919921875,107,0.0,0.0
2025-10-09 00:00:00-03:00,9386.874874510913,9496.838264947144,9101.9697265625,9101.9697265625,3333,0.0,0.0
2025-10-13 00:00:00-03:00,8707.10132927515,9166.9482421875,8652.119633166065,9166.9482421875,161,0.0,0.0
2025-10-14 00:00:00-03:00,8867.048466435184,9061.983579282407,8667.115017361111,9041.990234375,68,0.0,0.0
2025-10-15 00:00:00-03:00,9007.001953125,9007.001953125,8927.02857285308,9007.001953125,25,0.0,0.0
2025-10-16 00:00:00-03:00,8827.0613818908,9046.98816603757,8822.063045887466,8897.0380859375,414,0.0,0.0
2025-10-17 00:00:00-03:00,9231.927046155428,9496.8388671875,9231.927046155428,9496.8388671875,50132,0.0,0.0
2025-10-20 00:00:00-03:00,9466.848467502527,9926.695383558616,9466.848467502527,9891.70703125,28613,0.0,0.0
2025-10-21 00:00:00-03:00,9846.722437515486,10086.642578125,9656.785659532952,10086.642578125,1032,0.0,0.0
2025-10-22 00:00:00-03:00,10096.639432177879,10186.60948652402,10016.666050536867,10066.6494140625,4984,0.0,0.0
2025-10-23 00:00:00-03:00,10066.648578125001,10066.648578125001,9821.7301171875,9996.671875,255,0.0,0.0
2025-10-24 00:00:00-03:00,9996.67197120318,9996.67197120318,9726.761827980696,9741.7568359375,83,0.0,0.0
2025-10-27 00:00:00-03:00,8522.162709737813,9406.8681640625,8517.164373837673,9406.8681640625,56,0.0,0.0
2025-10-28 00:00:00-03:00,9431.859852282772,9621.796616663665,9431.859852282772,9541.8232421875,11953,0.0,0.0
2025-10-29 00:00:00-03:00,9556.818366425992,10046.655291064983,9556.818366425992,9691.7734375,27625,0.0,0.0
2025-10-30 00:00:00-03:00,9696.7724609375,9771.747505738564,9696.7724609375,9696.7724609375,25,0.0,0.0
2025-10-31 00:00:00-03:00,9621.796672065066,9861.716796875,9616.798336131526,9861.716796875,10752,0.0,0.0
2025-11-03 00:00:00-03:00,9866.715178987874,10046.6552734375,9866.715178987874,10046.6552734375,816,0.0,0.0
2025-11-04 00:00:00-03:00,9971.68099155918,10096.639399974709,9876.712601163379,9881.7109375,99,0.0,0.0
2025-11-05 00:00:00-03:00,9971.680195312501,10176.611968750001,9811.7334453125,9996.671875,96,0.0,0.0
2025-11-06 00:00:00-03:00,9951.686851562501,9996.671875,9941.6901796875,9996.671875,389,0.0,0.0
2025-11-07 00:00:00-03:00,9816.732169699366,9896.705547863923,9816.732169699366,9871.7138671875,28,0.0,0.0
2025-11-10 00:00:00-03:00,9876.71238425926,9986.67578125,9876.71238425926,9986.67578125,1411,0.0,0.0
2025-11-11 00:00:00-03:00,10286.576171875,10286.576171875,9981.677655604652,10286.576171875,20530,0.0,0.0
2025-11-12 00:00:00-03:00,9911.700558718625,10006.6689453125,9831.72718053431,10006.6689453125,22,0.0,0.0
2025-11-13 00:00:00-03:00,10296.572071284205,10296.572071284205,9941.690218341884,10046.6552734375,3892,0.0,0.0
2025-11-14 00:00:00-03:00,9916.698538557213,10206.60202405939,9916.698538557213,10046.6552734375,9558,0.0,0.0
2025-11-17 00:00:00-03:00,10006.668760264023,10126.628825322132,9891.70703125,9891.70703125,11068,0.0,0.0
2025-11-18 00:00:00-03:00,9716.765481358529,9956.685616700715,9716.765481358529,9786.7421875,116,0.0,0.0
2025-11-19 00:00:00-03:00,9656.785735103627,9726.762443329015,9641.790726198185,9646.7890625,310,0.0,0.0
2025-11-20 00:00:00-03:00,10396.5390625,10656.4525390625,10396.5390625,10396.5390625,94,0.0,0.0
2025-11-21 00:00:00-03:00,10396.539535522461,10396.539535522461,9661.784097194672,10236.5927734375,127,0.0,0.0
2025-11-25 00:00:00-03:00,9911.700878618743,10186.609375,9896.705869725221,10186.609375,346,0.0,0.0
2025-11-26 00:00:00-03:00,10196.605727932463,10546.4892578125,10196.605727932463,10546.4892578125,17769,0.0,0.0
2025-11-27 00:00:00-03:00,10246.5888671875,11026.329288300305,10246.5888671875,10246.5888671875,174,0.0,0.0
2025-11-28 00:00:00-03:00,10826.395602852957,11196.2724609375,10696.438868931362,11196.2724609375,9331,0.0,0.0
2025-12-01 00:00:00-03:00,11196.273452157599,11196.273452157599,10656.453125,10656.453125,8489,0.0,0.0
2025-12-02 00:00:00-03:00,11496.172639885019,11496.172639885019,10646.455531719605,10976.345703125,9671,0.0,0.0
2025-12-03 00:00:00-03:00,10996.33984375,11076.313224431819,10996.33984375,10996.33984375,92,0.0,0.0
2025-12-04 00:00:00-03:00,11296.23921875,11316.232562500001,11246.255859375,11246.255859375,274,0.0,0.0
2025-12-05 00:00:00-03:00,11736.092986208101,11736.092986208101,10556.485684357542,10736.42578125,181,0.0,0.0
2025-12-09 00:00:00-03:00,10196.605342741936,10726.42895368833,10196.605342741936,10536.4921875,817,0.0,0.0
2025-12-10 00:00:00-03:00,10696.439329509492,10696.439329509492,9751.753799940665,9871.7138671875,237,0.0,0.0
2025-12-11 00:00:00-03:00,9911.70017220771,9996.671883215036,9436.858257754995,9506.8349609375,19,0.0,0.0
2025-12-12 00:00:00-03:00,9576.811766856528,10206.602102255234,9576.811766856528,10146.6220703125,808,0.0,0.0
2025-12-15 00:00:00-03:00,10146.622505479187,10486.50936773169,10146.622505479187,10476.5126953125,204,0.0,0.0
2025-12-16 00:00:00-03:00,9956.685588673396,10466.515874840406,9886.708882728903,10276.5791015625,10063,0.0,0.0
2025-12-17 00:00:00-03:00,9886.70912761707,10086.642578125,9886.70912761707,10086.642578125,421,0.0,0.0
2025-12-18 00:00:00-03:00,9586.808573404947,10166.615556989396,9586.808573404947,10076.6455078125,13,0.0,0.0
2025-12-19 00:00:00-03:00,10326.562243711891,10326.562243711891,10246.5888671875,10246.5888671875,43,0.0,0.0
2025-12-22 00:00:00-03:00,10256.585383628732,10266.5820555426,9996.67191386816,10046.6552734375,438,0.0,0.0
2025-12-23 00:00:00-03:00,10106.635382350678,10326.562166140702,10106.635382350678,10146.6220703125,490,0.0,0.0
2025-12-26 00:00:00-03:00,10116.632369353993,10116.632369353993,9476.845342043067,9516.83203125,69,0.0,0.0
2025-12-29 00:00:00-03:00,9526.828583233173,10846.389310396635,9526.828583233173,10396.5390625,318,0.0,0.0
2025-12-30 00:00:00-03:00,10356.552958250988,10496.506376605732,10026.66275784338,10116.6328125,294,0.0,0.0
2026-01-02 00:00:00-03:00,10226.59556090716,10416.532330855583,10226.59556090716,10296.572265625,11,0.0,0.0
2026-01-05 00:00:00-03:00,10296.572414434524,10496.505859375,9786.74212983631,10496.505859375,200,0.0,0.0
2026-01-06 00:00:00-03:00,10606.469044605446,10806.402485597067,10576.479028456704,10736.42578125,11705,0.0,0.0
2026-01-07 00:00:00-03:00,10646.455980635366,10646.455980635366,10366.549156731338,10546.4892578125,176,0.0,0.0
2026-01-08 00:00:00-03:00,10546.489620190592,10606.469655945231,10386.542858178223,10506.5029296875,18042,0.0,0.0
2026-01-09 00:00:00-03:00,10546.489331169309,10716.432761150236,10496.505969410211,10646.4560546875,4898,0.0,0.0
2026-01-12 00:00:00-03:00,10556.485930094786,10596.472619223932,10406.535845860486,10546.4892578125,51,0.0,0.0
2026-01-13 00:00:00-03:00,10626.46274456196,10656.452761715005,10296.572555878476,10426.529296875,112,0.0,0.0
2026-01-14 00:00:00-03:00,10296.572085831516,10456.518836679385,10296.572085831516,10316.5654296875,832,0.0,0.0
2026-01-15 00:00:00-03:00,9801.736802508301,10536.4921875,9801.736802508301,10536.4921875,4936,0.0,0.0
2026-01-16 00:00:00-03:00,10386.54282310588,10456.51953125,10236.592734225622,10456.51953125,52,0.0,0.0
2026-01-19 00:00:00-03:00,10486.509477180864,10506.50282222792,10356.552734375,10356.552734375,43,0.0,0.0
2026-01-20 00:00:00-03:00,10346.555775669643,10496.505859375,10166.615675223215,10496.505859375,89,0.0,0.0
2026-01-21 00:00:00-03:00,10616.465615288329,10956.35246172882,10616.465615288329,10856.3857421875,11780,0.0,0.0
2026-01-22 00:00:00-03:00,11216.26617351542,11616.133060271763,11216.26617351542,11426.1962890625,48243,0.0,0.0
2026-01-23 00:00:00-03:00,11366.216753234348,11856.0537109375,11366.216753234348,11856.0537109375,3291,0.0,0.0
2026-01-26 00:00:00-03:00,11456.18645778624,11906.036711364233,11436.193113182773,11896.0400390625,2032,0.0,0.0
2026-01-27 00:00:00-03:00,11746.089756402347,12515.833510651693,11746.089756402347,12405.8701171875,223,0.0,0.0
2026-01-28 00:00:00-03:00,12485.84353211527,12605.803598076345,12315.90010533708,12455.853515625,2702,0.0,0.0
2026-01-29 00:00:00-03:00,12525.83083828125,12695.774273437499,12365.88407578125,12495.8408203125,9019,0.0,0.0
2026-01-30 00:00:00-03:00,12395.873352050781,12795.740234375,12085.976518249512,12795.740234375,6547,0.0,0.0
2026-02-02 00:00:00-03:00,12195.94013760874,12275.913515560274,11976.013348242026,12065.9833984375,459,0.0,0.0
2026-02-03 00:00:00-03:00,12235.926690924658,12455.853477853043,12235.926690924658,12405.8701171875,14273,0.0,0.0
2026-02-04 00:00:00-03:00,12205.93706597222,12205.93706597222,11826.063512731482,11876.046875,29061,0.0,0.0
2026-02-05 00:00:00-03:00,11976.013705221036,12315.900571646342,11976.013705221036,12295.9072265625,454,0.0,0.0
2026-02-06 00:00:00-03:00,12345.890695594879,12535.827475527109,12215.933951430723,12445.857421875,12,0.0,0.0
2026-02-09 00:00:00-03:00,12625.796809387208,12795.740234375,12625.796809387208,12795.740234375,44,0.0,0.0
2026-02-10 00:00:00-03:00,12855.720884138922,12925.697591906397,12635.794088298288,12835.7275390625,200,0.0,0.0
2026-02-11 00:00:00-03:00,12955.68681961421,13085.6435546875,12835.726756469634,13085.6435546875,1009,0.0,0.0
2026-02-12 00:00:00-03:00,12895.706798735118,12895.706798735118,12545.82328093998,12595.806640625,60,0.0,0.0
2026-02-13 00:00:00-03:00,12285.910125805605,12555.820275029977,12175.946731677159,12505.8369140625,114,0.0,0.0
2026-02-18 00:00:00-03:00,11886.043512688208,12535.827220278396,11886.043512688208,12365.8837890625,85964,0.0,0.0
2026-02-19 00:00:00-03:00,12545.823677419954,12645.790399949197,12455.853627143637,12605.8037109375,777,0.0,0.0
2026-02-20 00:00:00-03:00,12565.816851380814,12905.703703367248,12565.816851380814,12895.70703125,706,0.0,0.0
2026-02-23 00:00:00-03:00,12625.79686551881,12795.740291262136,12315.900030339806,12355.88671875,264,0.0,0.0
2026-02-24 00:00:00-03:00,12535.826826009501,12665.783563440222,12495.84013756928,12625.796875,224,0.0,0.0
2026-02-25 00:00:00-03:00,12595.806616249025,12815.7333984375,12495.839897072447,12815.7333984375,25186,0.0,0.0
2026-02-26 00:00:00-03:00,12725.763529968262,12845.723594665527,12725.763529968262,12795.740234375,249,0.0,0.0
2026-02-27 00:00:00-03:00,12705.770910203313,12785.74429122741,12425.864076618975,12445.857421875,1565,0.0,0.0
2026-03-02 00:00:00-03:00,12195.940212227813,12195.940212227813,12025.996783041033,12165.9501953125,44491,0.0,0.0
2026-03-03 00:00:00-03:00,11796.07375093563,11836.060441616766,11276.246772080838,11686.1103515625,8484,0.0,0.0
2026-03-04 00:00:00-03:00,11906.03656847196,11966.0166015625,11806.069846654396,11966.0166015625,1898,0.0,0.0
2026-03-05 00:00:00-03:00,11796.072997028774,12145.956518127085,11396.20611577356,11986.009765625,15745,0.0,0.0
2026-03-06 00:00:00-03:00,11586.142757907033,12125.963041709432,11236.259240627702,11566.1494140625,28967,0.0,0.0
2026-03-09 00:00:00-03:00,11516.166233766233,11616.132954545454,11396.206168831168,11546.15625,298,0.0,0.0
2026-03-10 00:00:00-03:00,11566.150197675152,12395.8740234375,11566.150197675152,12395.8740234375,18026,0.0,0.0
2026-03-11 00:00:00-03:00,11956.019599726096,12545.8232421875,11786.076177321962,12545.8232421875,30340,0.0,0.0
2026-03-12 00:00:00-03:00,12840.0,12840.0,11370.0,11590.0,11013,4.176153,0.0
2026-03-13 00:00:00-03:00,11470.0,11470.0,11200.0,11240.0,10431,0.0,0.0
2026-03-16 00:00:00-03:00,11550.0,11760.0,11450.0,11500.0,317,0.0,0.0
2026-03-17 00:00:00-03:00,11690.0,11830.0,11630.0,11830.0,4121,0.0,0.0
2026-03-18 00:00:00-03:00,11750.0,11870.0,11510.0,11540.0,146,0.0,0.0
2026-03-19 00:00:00-03:00,11410.0,11980.0,11370.0,11980.0,233,0.0,0.0
2026-03-20 00:00:00-03:00,11310.0,11390.0,10790.0,11390.0,139,0.0,0.0
2026-03-23 00:00:00-03:00,11600.0,11600.0,11550.0,11560.0,62,0.0,0.0
2026-03-25 00:00:00-03:00,11610.0,11790.0,11610.0,11730.0,1800,0.0,0.0
2026-03-26 00:00:00-03:00,11500.0,11500.0,11380.0,11380.0,32,0.0,0.0
2026-03-27 00:00:00-03:00,11310.0,11410.0,11250.0,11300.0,1089,0.0,0.0
2026-03-30 00:00:00-03:00,11480.0,11690.0,11480.0,11650.0,10621,0.0,0.0
2026-03-31 00:00:00-03:00,11930.0,12220.0,11650.0,12080.0,3589,0.0,0.0
2026-04-01 00:00:00-03:00,11840.0,12840.0,11840.0,12650.0,152,0.0,0.0
2026-04-06 00:00:00-03:00,12470.0,12470.0,12290.0,12450.0,5786,0.0,0.0
2026-04-07 00:00:00-03:00,12370.0,13100.0,12160.0,13100.0,4445,0.0,0.0
2026-04-08 00:00:00-03:00,13600.0,13600.0,12970.0,13000.0,937,0.0,0.0
2026-04-09 00:00:00-03:00,13220.0,13450.0,13120.0,13430.0,14228,0.0,0.0
2026-04-10 00:00:00-03:00,13430.0,13590.0,13410.0,13590.0,5312,0.0,0.0
2026-04-13 00:00:00-03:00,13310.0,13540.0,13310.0,13540.0,4775,0.0,0.0
2026-04-14 00:00:00-03:00,13710.0,13710.0,13520.0,13690.0,868,0.0,0.0
2026-04-15 00:00:00-03:00,13870.0,13870.0,13700.0,13740.0,18,0.0,0.0
2026-04-16 00:00:00-03:00,13510.0,13690.0,13390.0,13660.0,27232,0.0,0.0
2026-04-17 00:00:00-03:00,13810.0,13960.0,13630.0,13830.0,8125,0.0,0.0
2026-04-20 00:00:00-03:00,13650.0,13810.0,13580.0,13740.0,224,0.0,0.0
2026-04-21 00:00:00-03:00,13500.0,13750.0,13090.0,13110.0,29,0.0,0.0
2026-04-22 00:00:00-03:00,13350.0,13450.0,13170.0,13430.0,14461,0.0,0.0
2026-04-23 00:00:00-03:00,13260.0,13470.0,13040.0,13050.0,7750,0.0,0.0
2026-04-24 00:00:00-03:00,13170.0,13350.0,13100.0,13350.0,15330,0.0,0.0
2026-04-27 00:00:00-03:00,13370.0,13480.0,13370.0,13480.0,5520,0.0,0.0
2026-04-28 00:00:00-03:00,13370.0,13430.0,13370.0,13410.0,7648,0.0,0.0
2026-04-29 00:00:00-03:00,13150.0,13150.0,12840.0,12860.0,913,0.0,0.0
2026-04-30 00:00:00-03:00,13000.0,13200.0,12980.0,13140.0,15075,0.0,0.0
2026-05-04 00:00:00-03:00,13050.0,13050.0,12360.0,12360.0,602,0.0,0.0
2026-05-05 00:00:00-03:00,12920.0,12920.0,12890.0,12900.0,132,0.0,0.0
2026-05-06 00:00:00-03:00,12670.0,12730.0,12430.0,12710.0,94,0.0,0.0
2026-05-07 00:00:00-03:00,12460.0,12500.0,12350.0,12350.0,2908,0.0,0.0
2026-05-08 00:00:00-03:00,12630.0,12710.0,12440.0,12570.0,112,0.0,0.0
2026-05-11 00:00:00-03:00,12320.0,12360.0,12110.0,12340.0,8322,0.0,0.0
2026-05-12 00:00:00-03:00,12070.0,12260.0,12070.0,12250.0,2453,0.0,0.0
2026-05-13 00:00:00-03:00,12160.0,12390.0,11830.0,11830.0,88,0.0,0.0
2026-05-14 00:00:00-03:00,12280.0,12280.0,12120.0,12120.0,11,0.0,0.0
2026-05-15 00:00:00-03:00,11520.0,11960.0,11520.0,11960.0,13528,0.0,0.0
2026-05-18 00:00:00-03:00,11770.0,12010.0,11770.0,11990.0,98,0.0,0.0
2026-05-19 00:00:00-03:00,11750.0,11900.0,11580.0,11580.0,29349,0.0,0.0
2026-05-20 00:00:00-03:00,11830.0,12190.0,11830.0,12170.0,8833,0.0,0.0
2026-05-21 00:00:00-03:00,12000.0,12180.0,11880.0,12090.0,31792,0.0,0.0
2026-05-22 00:00:00-03:00,11940.0,12030.0,11940.0,11950.0,241,0.0,0.0
2026-05-26 00:00:00-03:00,11940.0,11940.0,11940.0,11940.0,2,0.0,0.0
2026-05-27 00:00:00-03:00,11900.0,12060.0,11900.0,12000.0,168,0.0,0.0
2026-05-28 00:00:00-03:00,11970.0,12050.0,11970.0,11990.0,11248,0.0,0.0
2026-05-29 00:00:00-03:00,11860.0,11930.0,11800.0,11800.0,259,0.0,0.0
2026-06-01 00:00:00-03:00,11680.0,11960.0,11400.0,11960.0,22,0.0,0.0
2026-06-02 00:00:00-03:00,12700.0,12820.0,12140.0,12140.0,38,0.0,0.0
2026-06-03 00:00:00-03:00,12170.0,12180.0,11870.0,11990.0,373,0.0,0.0
2026-06-04 00:00:00-03:00,11760.0,11800.0,11750.0,11800.0,15,0.0,0.0
2026-06-05 00:00:00-03:00,11870.0,11980.0,11840.0,11930.0,2643,0.0,0.0
2026-06-08 00:00:00-03:00,11900.0,12000.0,11780.0,11790.0,54466,0.0,0.0
2026-06-09 00:00:00-03:00,11990.0,12100.0,11970.0,12050.0,1325,0.0,0.0
2026-06-10 00:00:00-03:00,12170.0,12200.0,12170.0,12170.0,5062,0.0,0.0
2026-06-11 00:00:00-03:00,12020.0,12590.0,11860.0,12580.0,2309,0.0,0.0
2026-06-12 00:00:00-03:00,12570.0,12600.0,12360.0,12370.0,4866,0.0,0.0
2026-06-16 00:00:00-03:00,12370.0,13000.0,12210.0,13000.0,2254,0.0,0.0
2026-06-17 00:00:00-03:00,13000.0,13000.0,12510.0,12510.0,35,0.0,0.0
2026-06-18 00:00:00-03:00,12070.0,12670.0,12040.0,12570.0,1655,0.0,0.0
2026-06-19 00:00:00-03:00,12300.0,12300.0,12230.0,12230.0,137,0.0,0.0
2026-06-22 00:00:00-03:00,12330.0,12940.0,12330.0,12610.0,1197,0.0,0.0
2026-06-23 00:00:00-03:00,12990.0,13120.0,12820.0,13120.0,37988,0.0,0.0
2026-06-24 00:00:00-03:00,12960.0,12980.0,12900.0,12980.0,68,0.0,0.0
2026-06-25 00:00:00-03:00,13050.0,13500.0,13050.0,13500.0,3587,0.0,0.0
2026-06-26 00:00:00-03:00,13340.0,13400.0,13230.0,13240.0,7651,0.0,0.0
2026-06-29 00:00:00-03:00,13100.0,13500.0,13100.0,13500.0,5632,0.0,0.0
2026-06-30 00:00:00-03:00,13490.0,13500.0,13470.0,13490.0,7828,0.0,0.0
2026-07-01 00:00:00-03:00,14090.0,14090.0,14090.0,14090.0,4,0.0,0.0
2026-07-02 00:00:00-03:00,13760.0,13760.0,13320.0,13320.0,5718,0.0,0.0
2026-07-03 00:00:00-03:00,13480.0,13690.0,13480.0,13690.0,92,0.0,0.0
2026-07-06 00:00:00-03:00,13580.0,13650.0,13310.0,13640.0,1861,0.0,0.0
2026-07-07 00:00:00-03:00,13800.0,13800.0,13780.0,13780.0,113,0.0,0.0
2026-07-08 00:00:00-03:00,13760.0,13760.0,13530.0,13530.0,64,0.0,0.0
2026-07-10 00:00:00-03:00,14090.0,14200.0,14090.0,14180.0,308,0.0,0.0
2026-07-13 00:00:00-03:00,14400.0,14400.0,13950.0,13950.0,677,0.0,0.0
2026-07-14 00:00:00-03:00,14180.0,14180.0,13990.0,14160.0,514,0.0,0.0
2026-07-15 00:00:00-03:00,14000.0,14140.0,14000.0,14100.0,1799,0.0,0.0
2026-07-16 00:00:00-03:00,14040.0,14060.0,13890.0,14060.0,5701,0.0,0.0
2026-07-17 00:00:00-03:00,13670.0,13970.0,13670.0,13890.0,2404,0.0,0.0
2026-07-20 00:00:00-03:00,14050.0,14060.0,14050.0,14060.0,9,0.0,0.0
2026-07-21 00:00:00-03:00,14060.0,14070.0,13930.0,14040.0,1109,0.0,0.0
