Date,Close
2020-08-13,50.80061721801758
2020-08-14,50.791831970214844
2020-08-17,51.0025520324707
2020-08-18,51.17814636230469
2020-08-19,50.905975341796875
2020-08-20,50.721595764160156
2020-08-21,50.58112716674805
2020-08-24,51.143035888671875
2020-08-25,51.072792053222656
2020-08-26,51.21327209472656
2020-08-27,50.739158630371094
2020-08-28,51.01133346557617
2020-08-31,50.941097259521484
2020-09-01,51.08157730102539
2020-09-02,51.5908088684082
2020-09-03,50.68647384643555
2020-09-04,50.96743392944336
2020-09-08,50.54599380493164
2020-09-09,50.721595764160156
2020-09-10,50.74794006347656
2020-09-11,51.406429290771484
2020-09-14,51.775184631347656
2020-09-15,52.01225280761719
2020-09-16,52.196624755859375
2020-09-17,52.25808334350586
2020-09-18,52.02980041503906
2020-09-21,51.257171630859375
2020-09-22,51.41521453857422
2020-09-23,51.71372985839844
2020-09-24,51.511783599853516
2020-09-25,51.5908088684082
2020-09-28,52.310752868652344
2020-09-29,52.26686096191406
2020-09-30,51.86298751831055
2020-10-01,51.87177276611328
2020-10-02,51.61715316772461
2020-10-05,52.0385856628418
2020-10-06,51.92444610595703
2020-10-07,52.196624755859375
2020-10-08,52.21418762207031
2020-10-09,52.20540237426758
2020-10-12,52.34588623046875
2020-10-13,52.1790657043457
2020-10-14,52.25808334350586
2020-10-15,51.819087982177734
2020-10-16,51.71372985839844
2020-10-19,51.775184631347656
2020-10-20,51.78396224975586
2020-10-21,52.18785095214844
2020-10-22,52.0385856628418
2020-10-23,52.06491470336914
2020-10-26,51.56446838378906
2020-10-27,51.748844146728516
2020-10-28,51.046451568603516
2020-10-29,51.43277359008789
2020-10-30,51.134254455566406
2020-11-02,51.66982650756836
2020-11-03,52.75853729248047
2020-11-04,52.67073440551758
2020-11-05,53.97017288208008
2020-11-06,54.014068603515625
2020-11-09,55.60322952270508
2020-11-10,55.39250564575195
2020-11-11,55.726158142089844
2020-11-12,54.86571502685547
2020-11-13,55.64713668823242
2020-11-16,56.43733215332031
2020-11-17,56.21782684326172
2020-11-18,55.840293884277344
2020-11-19,56.20904541015625
2020-11-20,56.8411979675293
2020-11-23,56.876319885253906
2020-11-24,57.736759185791016
2020-11-25,57.3240966796875
2020-11-27,58.1494140625
2020-11-30,56.533897399902344
2020-12-01,57.69285202026367
2020-12-02,57.59627914428711
2020-12-03,57.736759185791016
2020-12-04,58.00014877319336
2020-12-07,57.148494720458984
2020-12-08,57.28019714355469
2020-12-09,57.68407440185547
2020-12-10,57.78065490722656
2020-12-11,57.9035758972168
2020-12-14,58.09572219848633
2020-12-15,58.5099983215332
2020-12-16,58.501190185546875
2020-12-17,58.8449592590332
2020-12-18,58.67747497558594
2020-12-21,58.04282760620117
2020-12-22,58.01639938354492
2020-12-23,58.227943420410156
2020-12-24,58.01639938354492
2020-12-28,58.606956481933594
2020-12-29,59.33855438232422
2020-12-30,59.364994049072266
2020-12-31,59.55010986328125
2021-01-04,58.8449592590332
2021-01-05,59.39143371582031
2021-01-06,60.09657287597656
2021-01-07,59.973201751708984
2021-01-08,61.07499694824219
2021-01-11,60.50204849243164
2021-01-12,60.819366455078125
2021-01-13,60.99565124511719
2021-01-14,61.63029861450195
2021-01-15,60.572566986083984
2021-01-19,60.92515182495117
2021-01-20,61.23365020751953
2021-01-21,60.99565124511719
2021-01-22,61.03091049194336
2021-01-25,61.268917083740234
2021-01-26,61.27771759033203
2021-01-27,59.93792724609375
2021-01-28,60.32577896118164
2021-01-29,59.047672271728516
2021-02-01,59.66469192504883
2021-02-02,60.14066696166992
2021-02-03,60.493228912353516
2021-02-04,60.56375503540039
2021-02-05,61.03973388671875
2021-02-08,62.132713317871094
2021-02-09,62.467674255371094
2021-02-10,62.35307312011719
2021-02-11,62.6792106628418
2021-02-12,63.067047119140625
2021-02-16,63.34029769897461
2021-02-17,63.252159118652344
2021-02-18,62.49410629272461
2021-02-19,62.88194274902344
2021-02-22,62.73209762573242
2021-02-23,62.591068267822266
2021-02-24,62.07101058959961
2021-02-25,61.00447082519531
2021-02-26,60.13186264038086
2021-03-01,61.12788391113281
2021-03-02,60.52848815917969
2021-03-03,60.1671142578125
2021-03-04,59.59417724609375
2021-03-05,60.07896423339844
2021-03-08,59.4090690612793
2021-03-09,60.06133270263672
2021-03-10,60.27288055419922
2021-03-11,59.973201751708984
2021-03-12,60.76649856567383
2021-03-15,61.092613220214844
2021-03-16,61.295352935791016
2021-03-17,61.69199752807617
2021-03-18,61.85947036743164
2021-03-19,62.309017181396484
2021-03-22,61.89473342895508
2021-03-23,60.96922302246094
2021-03-24,60.29933547973633
2021-03-25,60.986846923828125
2021-03-26,61.797786712646484
2021-03-29,61.42757034301758
2021-03-30,60.97802734375
2021-03-31,60.396278381347656
2021-04-01,60.94277572631836
2021-04-05,61.68319320678711
2021-04-06,60.74885940551758
2021-04-07,60.92515182495117
2021-04-08,60.986846923828125
2021-04-09,61.409942626953125
2021-04-12,61.03091049194336
2021-04-13,61.41874694824219
2021-04-14,61.30416488647461
2021-04-15,61.59501647949219
2021-04-16,61.66554641723633
2021-04-19,61.07499694824219
2021-04-20,59.752838134765625
2021-04-21,60.264076232910156
2021-04-22,60.369842529296875
2021-04-23,60.907527923583984
2021-04-26,60.678348541259766
2021-04-27,59.93792724609375
2021-04-28,59.9202995300293
2021-04-29,59.973201751708984
2021-04-30,59.426692962646484
2021-05-03,60.13186264038086
2021-05-04,59.373817443847656
2021-05-05,60.08777618408203
2021-05-06,60.572566986083984
2021-05-07,60.872257232666016
2021-05-10,60.74885940551758
2021-05-11,59.717567443847656
2021-05-12,57.67263412475586
2021-05-13,58.148616790771484
2021-05-14,59.06531524658203
2021-05-17,58.571693420410156
2021-05-18,59.312110900878906
2021-05-19,59.012420654296875
2021-05-20,59.55010986328125
2021-05-21,59.87622833251953
2021-05-24,60.14066696166992
2021-05-25,59.9996337890625
2021-05-26,60.13186264038086
2021-05-27,60.17591857910156
2021-05-28,60.44917297363281
2021-06-01,60.07014465332031
2021-06-02,60.625457763671875
2021-06-03,60.64308166503906
2021-06-04,61.30416488647461
2021-06-07,61.54216003417969
2021-06-08,61.242462158203125
2021-06-09,60.8105583190918
2021-06-10,61.0724983215332
2021-06-11,61.16128921508789
2021-06-14,61.143550872802734
2021-06-15,61.43656539916992
2021-06-16,61.3388786315918
2021-06-17,61.10801696777344
2021-06-18,59.71396255493164
2021-06-21,60.34439468383789
2021-06-22,60.41542053222656
2021-06-23,59.95370101928711
2021-06-24,60.47758483886719
2021-06-25,60.75284957885742
2021-06-28,60.50423049926758
2021-06-29,60.54861068725586
2021-06-30,59.97145462036133
2021-07-01,59.92706298828125
2021-07-02,60.30000305175781
2021-07-06,60.0780143737793
2021-07-07,60.104644775390625
2021-07-08,59.17231750488281
2021-07-09,60.761714935302734
2021-07-12,60.93931198120117
2021-07-13,60.74397277832031
2021-07-14,61.04586410522461
2021-07-15,60.30000305175781
2021-07-16,59.68731689453125
2021-07-19,58.83489990234375
2021-07-20,59.5363655090332
2021-07-21,59.962581634521484
2021-07-22,59.92706298828125
2021-07-23,60.26448059082031
2021-07-26,60.05136489868164
2021-07-27,59.722843170166016
2021-07-28,60.04249572753906
2021-07-29,60.246707916259766
2021-07-30,59.58964920043945
2021-08-02,60.166812896728516
2021-08-03,60.610782623291016
2021-08-04,59.989227294921875
2021-08-05,60.34439468383789
2021-08-06,60.22008514404297
2021-08-09,60.1845588684082
2021-08-10,60.22008514404297
2021-08-11,60.965946197509766
2021-08-12,60.761714935302734
2021-08-13,60.94818878173828
2021-08-16,60.53085708618164
2021-08-17,60.02473449707031
2021-08-18,59.71396255493164
2021-08-19,59.14568328857422
2021-08-20,59.19007873535156
2021-08-23,59.97145462036133
2021-08-24,60.50423049926758
2021-08-25,60.388790130615234
2021-08-26,60.0780143737793
2021-08-27,60.495338439941406
2021-08-30,60.41542053222656
2021-08-31,60.73508834838867
2021-09-01,61.720703125
2021-09-02,62.00483703613281
2021-09-03,63.762962341308594
2021-09-07,64.42892456054688
2021-09-08,64.15364837646484
2021-09-09,64.7219467163086
2021-09-10,64.6509017944336
2021-09-13,65.5388412475586
2021-09-14,65.17478942871094
2021-09-15,65.81410217285156
2021-09-16,65.66314697265625
2021-09-17,65.201416015625
2021-09-20,64.26021575927734
2021-09-21,64.8373794555664
2021-09-22,64.36675262451172
2021-09-23,64.73969268798828
2021-09-24,64.51771545410156
2021-09-27,64.46443176269531
2021-09-28,63.07036590576172
2021-09-29,63.034854888916016
2021-09-30,62.377777099609375
2021-10-01,62.09364318847656
2021-10-04,60.371028900146484
2021-10-05,60.70845413208008
2021-10-06,60.1845588684082
2021-10-07,60.53085708618164
2021-10-08,60.2556037902832
2021-10-11,60.52198791503906
2021-10-12,60.131290435791016
2021-10-13,60.095760345458984
2021-10-14,60.66404342651367
2021-10-15,61.303375244140625
2021-10-18,61.00147247314453
2021-10-19,61.383277893066406
2021-10-20,61.321128845214844
2021-10-21,60.2556037902832
2021-10-22,60.75284957885742
2021-10-25,60.77948760986328
2021-10-26,60.78836441040039
2021-10-27,60.34439468383789
2021-10-28,60.82387924194336
2021-10-29,60.73508834838867
2021-11-01,61.64966583251953
2021-11-02,61.57863235473633
2021-11-03,61.951568603515625
2021-11-04,62.39553451538086
2021-11-05,62.4754524230957
2021-11-08,62.342262268066406
2021-11-09,61.951568603515625
2021-11-10,60.98371505737305
2021-11-11,61.3388786315918
2021-11-12,62.22682571411133
2021-11-15,62.17354202270508
2021-11-16,62.04922103881836
2021-11-17,61.79174041748047
2021-11-18,61.951568603515625
2021-11-19,62.07587814331055
2021-11-22,61.75620651245117
2021-11-23,61.82725143432617
2021-11-24,61.0724983215332
2021-11-26,59.456451416015625
2021-11-29,59.625152587890625
2021-11-30,58.89704895019531
2021-12-01,58.58627700805664
2021-12-02,59.46533203125
2021-12-03,59.81162643432617
2021-12-06,59.84714889526367
2021-12-07,61.241207122802734
2021-12-08,61.1701774597168
2021-12-09,60.67293167114258
2021-12-10,60.761714935302734
2021-12-13,60.175174713134766
2021-12-14,60.10320281982422
2021-12-15,61.13776779174805
2021-12-16,61.2097282409668
2021-12-17,60.46305465698242
2021-12-20,59.95027542114258
2021-12-21,60.301124572753906
2021-12-22,60.40007400512695
2021-12-23,60.63398361206055
2021-12-27,60.57999801635742
2021-12-28,60.65196990966797
2021-12-29,60.36408996582031
2021-12-30,60.193180084228516
2021-12-31,60.2381477355957
2022-01-03,60.301124572753906
2022-01-04,61.09279251098633
2022-01-05,60.81390380859375
2022-01-06,60.36408996582031
2022-01-07,59.977264404296875
2022-01-10,59.83333206176758
2022-01-11,60.301124572753906
2022-01-12,61.16474914550781
2022-01-13,60.553009033203125
2022-01-14,60.481048583984375
2022-01-18,59.52745819091797
2022-01-19,58.789764404296875
2022-01-20,58.52888107299805
2022-01-21,58.30398178100586
2022-01-24,58.05208969116211
2022-01-25,57.845176696777344
2022-01-26,57.04452133178711
2022-01-27,56.234867095947266
2022-01-28,56.45077133178711
2022-01-31,57.64726638793945
2022-02-01,57.665252685546875
2022-02-02,58.546875
2022-02-03,57.32340621948242
2022-02-04,57.77320861816406
2022-02-07,57.80919647216797
2022-02-08,58.14204406738281
2022-02-09,58.94269943237305
2022-02-10,58.007110595703125
2022-02-11,57.539310455322266
2022-02-14,57.539310455322266
2022-02-15,58.17802810668945
2022-02-16,58.18702697753906
2022-02-17,57.332401275634766
2022-02-18,57.242435455322266
2022-02-22,56.78363800048828
2022-02-23,56.19887924194336
2022-02-24,55.87501907348633
2022-02-25,57.170467376708984
2022-02-28,56.6217041015625
2022-03-01,55.84803771972656
2022-03-02,56.03695297241211
2022-03-03,55.7580680847168
2022-03-04,55.03838348388672
2022-03-07,53.104209899902344
2022-03-08,52.339542388916016
2022-03-09,53.751930236816406
2022-03-10,53.52703094482422
2022-03-11,52.66340255737305
2022-03-14,52.73537063598633
2022-03-15,53.599002838134766
2022-03-16,54.79548263549805
2022-03-17,55.308265686035156
2022-03-18,56.018959045410156
2022-03-21,56.00096893310547
2022-03-22,56.17189407348633
2022-03-23,55.839046478271484
2022-03-24,56.45077133178711
2022-03-25,56.44178009033203
2022-03-28,55.59613800048828
2022-03-29,56.69367218017578
2022-03-30,56.09992980957031
2022-03-31,55.42521286010742
2022-04-01,55.71309280395508
2022-04-04,56.16290283203125
2022-04-05,54.696529388427734
2022-04-06,53.87787628173828
2022-04-07,53.688961029052734
2022-04-08,53.46406555175781
2022-04-11,52.62741470336914
2022-04-12,51.93471145629883
2022-04-13,52.681392669677734
2022-04-14,52.53745651245117
2022-04-18,51.9077262878418
2022-04-19,51.91672134399414
2022-04-20,52.40251159667969
2022-04-21,51.970699310302734
2022-04-22,51.197025299072266
2022-04-25,51.51189422607422
2022-04-26,50.42335510253906
2022-04-27,50.621273040771484
2022-04-28,51.54787826538086
2022-04-29,50.93613815307617
2022-05-02,50.918148040771484
2022-05-03,51.322975158691406
2022-05-04,52.231590270996094
2022-05-05,50.80119705200195
2022-05-06,50.99911880493164
2022-05-09,49.559730529785156
2022-05-10,49.6317024230957
2022-05-11,49.09193420410156
2022-05-12,49.64070129394531
2022-05-13,50.66625213623047
2022-05-16,50.39636993408203
2022-05-17,50.765220642089844
2022-05-18,50.279422760009766
2022-05-19,50.711238861083984
2022-05-20,51.35895919799805
2022-05-23,51.85375213623047
2022-05-24,51.65583038330078
2022-05-25,51.763790130615234
2022-05-26,52.16861343383789
2022-05-27,52.48347854614258
2022-05-31,51.8177604675293
2022-06-01,51.84476089477539
2022-06-02,52.375526428222656
2022-06-03,51.286991119384766
2022-06-06,51.56587600708008
2022-06-07,51.72779846191406
2022-06-08,51.05308532714844
2022-06-09,50.68611526489258
2022-06-10,49.76868438720703
2022-06-13,48.37889862060547
2022-06-14,48.05189514160156
2022-06-15,48.58782196044922
2022-06-16,47.81572341918945
2022-06-17,47.28887176513672
2022-06-21,47.779380798339844
2022-06-22,47.543209075927734
2022-06-23,47.833885192871094
2022-06-24,48.77857208251953
2022-06-27,48.35165023803711
2022-06-28,48.27898406982422
2022-06-29,48.060977935791016
2022-06-30,47.98830795288086
2022-07-01,48.188140869140625
2022-07-05,47.879302978515625
2022-07-06,47.870216369628906
2022-07-07,48.551483154296875
2022-07-08,48.79674530029297
2022-07-11,48.13364791870117
2022-07-12,48.15180969238281
2022-07-13,47.8974723815918
2022-07-14,47.42512512207031
2022-07-15,47.924720764160156
2022-07-18,48.01555633544922
2022-07-19,48.70590591430664
2022-07-20,48.91482925415039
2022-07-21,49.53251266479492
2022-07-22,49.68692398071289
2022-07-25,49.67784881591797
2022-07-26,49.13283157348633
2022-07-27,50.12294006347656
2022-07-28,50.53169631958008
2022-07-29,51.0040397644043
2022-08-01,51.658050537109375
2022-08-02,50.677032470703125
2022-08-03,50.56802749633789
2022-08-04,50.54986572265625
2022-08-05,50.24102783203125
2022-08-08,50.22285461425781
2022-08-09,49.723262786865234
2022-08-10,51.149375915527344
2022-08-11,51.13121032714844
2022-08-12,51.80339050292969
2022-08-15,52.012306213378906
2022-08-16,51.76706314086914
2022-08-17,51.60354995727539
2022-08-18,51.42188262939453
2022-08-19,50.53169631958008
2022-08-22,50.01393508911133
2022-08-23,50.13201904296875
2022-08-24,50.113853454589844
2022-08-25,50.68611526489258
2022-08-26,49.45075988769531
2022-08-29,48.95116424560547
2022-08-30,48.89665985107422
2022-08-31,48.67865753173828
2022-09-01,48.097312927246094
2022-09-02,47.57046127319336
2022-09-06,46.82561492919922
2022-09-07,46.75294876098633
2022-09-08,47.316123962402344
2022-09-09,48.20631408691406
2022-09-12,48.22447967529297
2022-09-13,46.63486099243164
2022-09-14,47.307044982910156
2022-09-15,46.93461608886719
2022-09-16,46.898284912109375
2022-09-19,47.052703857421875
2022-09-20,46.56219482421875
2022-09-21,46.02626419067383
2022-09-22,46.38960647583008
2022-09-23,45.45399856567383
2022-09-26,44.718238830566406
2022-09-27,44.34580993652344
2022-09-28,45.18149948120117
2022-09-29,44.7454833984375
2022-09-30,44.3730583190918
2022-10-03,45.17241287231445
2022-10-04,46.61669158935547
2022-10-05,46.12618637084961
2022-10-06,45.708343505859375
2022-10-07,45.245086669921875
2022-10-10,45.06340408325195
2022-10-11,44.60014724731445
2022-10-12,44.27315139770508
2022-10-13,44.66373062133789
2022-10-14,44.018798828125
2022-10-17,44.463897705078125
2022-10-18,44.309478759765625
2022-10-19,44.03697204589844
2022-10-20,44.00063705444336
2022-10-21,44.772743225097656
2022-10-24,44.4820671081543
2022-10-25,45.49941635131836
2022-10-26,45.76284408569336
2022-10-27,45.19057846069336
2022-10-28,45.6720085144043
2022-10-31,45.40858840942383
2022-11-01,45.753753662109375
2022-11-02,45.45399856567383
2022-11-03,45.32683181762695
2022-11-04,46.20793533325195
2022-11-07,46.47135543823242
2022-11-08,47.14353561401367
2022-11-09,46.34419250488281
2022-11-10,48.9329948425293
2022-11-11,49.90493392944336
2022-11-14,49.223663330078125
2022-11-15,49.55067443847656
2022-11-16,49.378089904785156
2022-11-17,49.28725051879883
2022-11-18,49.26909255981445
2022-11-21,48.869407653808594
2022-11-22,49.91401672363281
2022-11-23,50.48627853393555
2022-11-25,50.831451416015625
2022-11-28,50.440860748291016
2022-11-29,50.13201904296875
2022-11-30,50.68611526489258
2022-12-01,51.03129577636719
2022-12-02,50.804203033447266
2022-12-05,49.741424560546875
2022-12-06,49.587013244628906
2022-12-07,49.73234176635742
2022-12-08,50.04118347167969
2022-12-09,50.19560241699219
2022-12-12,50.186519622802734
2022-12-13,50.90937423706055
2022-12-14,50.86385726928711
2022-12-15,49.62571716308594
2022-12-16,49.66213607788086
2022-12-19,49.34349060058594
2022-12-20,50.044498443603516
2022-12-21,49.9716682434082
2022-12-22,49.82600402832031
2022-12-23,49.86241912841797
2022-12-27,49.634822845458984
2022-12-28,49.043060302734375
2022-12-29,49.953460693359375
2022-12-30,49.56198501586914
2023-01-03,49.79869842529297
2023-01-04,49.30707550048828
2023-01-05,48.64249038696289
2023-01-06,49.86241912841797
2023-01-09,49.9716682434082
2023-01-10,49.85331344604492
2023-01-11,50.25389099121094
2023-01-12,51.464717864990234
2023-01-13,51.6832160949707
2023-01-17,52.17483139038086
2023-01-18,52.10200119018555
2023-01-19,52.074684143066406
2023-01-20,52.666446685791016
2023-01-23,52.520774841308594
2023-01-24,52.87583541870117
2023-01-25,53.51311111450195
2023-01-26,53.40386199951172
2023-01-27,53.54952621459961
2023-01-30,53.23088836669922
2023-01-31,53.41297149658203
2023-02-01,53.59504699707031
2023-02-02,53.46759033203125
2023-02-03,52.857627868652344
2023-02-06,52.37511444091797
2023-02-07,53.13984298706055
2023-02-08,52.557193756103516
2023-02-09,52.611820220947266
2023-02-10,52.91224670410156
2023-02-13,52.88494110107422
2023-02-14,52.62092590332031
2023-02-15,52.10200119018555
2023-02-16,51.92902374267578
2023-02-17,51.91081619262695
2023-02-21,51.27354049682617
2023-02-22,50.891170501708984
2023-02-23,51.40098571777344
2023-02-24,50.63625717163086
2023-02-27,51.118770599365234
2023-02-28,50.92758560180664
2023-03-01,51.009525299072266
2023-03-02,51.064144134521484
2023-03-03,52.23855972290039
2023-03-06,52.23855972290039
2023-03-07,51.774253845214844
2023-03-08,52.411537170410156
2023-03-09,52.32049560546875
2023-03-10,51.692317962646484
2023-03-13,51.200706481933594
2023-03-14,51.05504608154297
2023-03-15,50.01718521118164
2023-03-16,51.036834716796875
2023-03-17,50.71820068359375
2023-03-20,51.45561599731445
2023-03-21,51.774253845214844
2023-03-22,51.62858963012695
2023-03-23,51.8561897277832
2023-03-24,52.01095199584961
2023-03-27,52.23855972290039
2023-03-28,52.33870315551758
2023-03-29,52.53899002075195
2023-03-30,52.784786224365234
2023-03-31,53.431175231933594
2023-04-03,53.67698287963867
2023-04-04,53.658775329589844
2023-04-05,52.857627868652344
2023-04-06,52.630027770996094
2023-04-10,52.520774841308594
2023-04-11,52.693756103515625
2023-04-12,52.866729736328125
2023-04-13,53.604148864746094
2023-04-14,53.20357131958008
2023-04-17,53.35834503173828
2023-04-18,53.67698287963867
2023-04-19,53.24909973144531
2023-04-20,53.42207336425781
2023-04-21,53.722503662109375
2023-04-24,53.6951904296875
2023-04-25,53.32192611694336
2023-04-26,53.1307487487793
2023-04-27,53.99562072753906
2023-04-28,53.56773376464844
2023-05-01,53.50400924682617
2023-05-02,53.05791091918945
2023-05-03,53.376556396484375
2023-05-04,53.4766960144043
2023-05-05,54.1959114074707
2023-05-08,54.07756042480469
2023-05-09,54.66020965576172
2023-05-10,54.3870964050293
2023-05-11,54.5418586730957
2023-05-12,54.80587387084961
2023-05-15,55.13362121582031
2023-05-16,55.02437210083008
2023-05-17,55.39762878417969
2023-05-18,55.406734466552734
2023-05-19,55.49777603149414
2023-05-22,55.74358367919922
2023-05-23,54.94242858886719
2023-05-24,54.359779357910156
2023-05-25,54.6693115234375
2023-05-26,54.85139465332031
2023-05-30,54.49634552001953
2023-05-31,54.02293395996094
2023-06-01,55.379425048828125
2023-06-02,56.44458770751953
2023-06-05,56.244300842285156
2023-06-06,57.39140319824219
2023-06-07,55.91648864746094
2023-06-08,56.393157958984375
2023-06-09,57.034820556640625
2023-06-12,57.39231872558594
2023-06-13,58.217315673828125
2023-06-14,58.483150482177734
2023-06-15,58.40065002441406
2023-06-16,57.84148025512695
2023-06-20,57.04398727416992
2023-06-21,57.722320556640625
2023-06-22,57.24565505981445
2023-06-23,55.83399200439453
2023-06-26,55.83399200439453
2023-06-27,56.044822692871094
2023-06-28,56.668155670166016
2023-06-29,56.38398742675781
2023-06-30,56.74148941040039
2023-07-03,56.9156494140625
2023-07-05,56.44816207885742
2023-07-06,55.70566177368164
2023-07-07,56.503150939941406
2023-07-10,56.420658111572266
2023-07-11,56.668155670166016
2023-07-12,57.06232452392578
2023-07-13,57.914817810058594
2023-07-14,57.21814727783203
2023-07-17,57.24565505981445
2023-07-18,58.03398513793945
2023-07-19,58.04315185546875
2023-07-20,57.27315139770508
2023-07-21,57.208988189697266
2023-07-24,57.29148483276367
2023-07-25,57.36481857299805
2023-07-26,57.59398651123047
2023-07-27,58.061485290527344
2023-07-28,58.391483306884766
2023-07-31,58.13481521606445
2023-08-01,57.44731903076172
2023-08-02,56.365657806396484
2023-08-03,56.09065246582031
2023-08-04,56.63148880004883
2023-08-07,57.108150482177734
2023-08-08,56.60398864746094
2023-08-09,56.10898971557617
2023-08-10,56.347320556640625
2023-08-11,56.25565719604492
2023-08-14,55.751487731933594
2023-08-15,55.1556510925293
2023-08-16,54.46815872192383
2023-08-17,54.23899459838867
2023-08-18,54.37649917602539
2023-08-21,54.42232894897461
2023-08-22,54.68815994262695
2023-08-23,55.41232681274414
2023-08-24,54.68815994262695
2023-08-25,54.97233200073242
2023-08-28,55.6231575012207
2023-08-29,56.008155822753906
2023-08-30,55.90732192993164
2023-08-31,56.503150939941406
2023-09-01,56.86982345581055
2023-09-05,56.89731979370117
2023-09-06,57.04398727416992
2023-09-07,57.04398727416992
2023-09-08,56.47565460205078
2023-09-11,57.126487731933594
2023-09-12,57.11732482910156
2023-09-13,57.089820861816406
2023-09-14,58.061485290527344
2023-09-15,57.74065399169922
2023-09-18,57.878150939941406
2023-09-19,58.162315368652344
2023-09-20,57.38315200805664
2023-09-21,56.493988037109375
2023-09-22,56.649818420410156
2023-09-25,56.57648849487305
2023-09-26,55.70566177368164
2023-09-27,55.94398880004883
2023-09-28,56.05398941040039
2023-09-29,55.26566696166992
2023-10-02,54.788997650146484
2023-10-03,53.835662841796875
2023-10-04,53.24899673461914
2023-10-05,54.29399490356445
2023-10-06,54.43149185180664
2023-10-09,54.58732604980469
2023-10-10,55.30232620239258
2023-10-11,55.16482925415039
2023-10-12,55.30232620239258
2023-10-13,54.614830017089844
2023-10-16,54.788997650146484
2023-10-17,54.898990631103516
2023-10-18,54.037330627441406
2023-10-19,53.64316177368164
2023-10-20,53.285667419433594
2023-10-23,53.15733337402344
2023-10-24,53.496498107910156
2023-10-25,53.285667419433594
2023-10-26,52.56150436401367
2023-10-27,53.00149917602539
2023-10-30,53.39566421508789
2023-10-31,54.0464973449707
2023-11-01,54.97233200073242
2023-11-02,55.87065505981445
2023-11-03,56.83315658569336
2023-11-06,56.099822998046875
2023-11-07,55.586490631103516
2023-11-08,54.66982650756836
2023-11-09,54.898990631103516
2023-11-10,55.430660247802734
2023-11-13,55.40316390991211
2023-11-14,56.503150939941406
2023-11-15,56.08148956298828
2023-11-16,56.273990631103516
2023-11-17,57.153987884521484
2023-11-20,57.16315460205078
2023-11-21,56.92481994628906
2023-11-22,57.282325744628906
2023-11-24,57.39231872558594
2023-11-27,57.34648513793945
2023-11-28,57.33732223510742
2023-11-29,57.282325744628906
2023-11-30,57.39231872558594
2023-12-01,57.94231414794922
2023-12-04,57.06232452392578
2023-12-05,56.85149002075195
2023-12-06,57.44731903076172
2023-12-07,57.88732147216797
2023-12-08,57.54814910888672
2023-12-11,57.878150939941406
2023-12-12,57.795650482177734
2023-12-13,58.67564392089844
2023-12-14,58.40981674194336
2023-12-15,57.90564727783203
2023-12-18,57.795650482177734
2023-12-19,57.96982192993164
2023-12-20,57.67701721191406
2023-12-21,58.680908203125
2023-12-22,58.86681365966797
2023-12-26,58.84822463989258
2023-12-27,59.173553466796875
2023-12-28,59.526771545410156
2023-12-29,59.61973190307617
2024-01-02,59.08060073852539
2024-01-03,58.7552604675293
2024-01-04,58.61583709716797
2024-01-05,59.05270767211914
2024-01-08,59.917179107666016
2024-01-09,59.554656982421875
2024-01-10,60.62360763549805
2024-01-11,61.162742614746094
2024-01-12,61.74833679199219
2024-01-16,61.29286575317383
2024-01-17,60.530662536621094
2024-01-18,61.09767532348633
2024-01-19,61.25569152832031
2024-01-22,61.980712890625
2024-01-23,61.43230056762695
2024-01-24,61.50666046142578
2024-01-25,61.27427673339844
2024-01-26,60.78163528442383
2024-01-29,61.50666046142578
2024-01-30,61.28357696533203
2024-01-31,61.54384231567383
2024-02-01,62.20380401611328
2024-02-02,61.822696685791016
2024-02-05,61.52525329589844
2024-02-06,61.51594924926758
2024-02-07,61.869171142578125
2024-02-08,61.71115493774414
2024-02-09,61.93423843383789
2024-02-12,62.25027847290039
2024-02-13,62.03649139404297
2024-02-14,62.27817153930664
2024-02-15,62.87306594848633
2024-02-16,62.8637580871582
2024-02-20,63.14263153076172
2024-02-21,63.01248550415039
2024-02-22,64.04426574707031
2024-02-23,64.14652252197266
2024-02-26,64.13722229003906
2024-02-27,64.30452728271484
2024-02-28,63.830482482910156
2024-02-29,64.2487564086914
2024-03-01,65.37349700927734
2024-03-04,64.99237823486328
2024-03-05,65.3456039428711
2024-03-06,66.3401870727539
2024-03-07,66.31230163574219
2024-03-08,66.16358184814453
2024-03-11,64.69493103027344
2024-03-12,65.04815673828125
2024-03-13,64.48114776611328
2024-03-14,64.19298553466797
2024-03-15,64.66704559326172
2024-03-18,65.67094421386719
2024-03-19,65.92191314697266
2024-03-20,66.43314361572266
2024-03-21,66.76776885986328
2024-03-22,66.75847625732422
2024-03-25,65.98697662353516
2024-03-26,66.27513122558594
2024-03-27,66.56328582763672
2024-03-28,66.32159423828125
2024-04-01,65.32701873779297
2024-04-02,64.99237823486328
2024-04-03,65.43854522705078
2024-04-04,64.76000213623047
2024-04-05,64.94590759277344
2024-04-08,65.27123260498047
2024-04-09,65.5129165649414
2024-04-10,64.49044036865234
2024-04-11,65.05744934082031
2024-04-12,64.19298553466797
2024-04-15,63.92342758178711
2024-04-16,63.031070709228516
2024-04-17,62.361820220947266
2024-04-18,62.1759147644043
2024-04-19,61.804107666015625
2024-04-22,62.436180114746094
2024-04-23,62.57561492919922
2024-04-24,62.84518051147461
2024-04-25,61.869171142578125
2024-04-26,62.39900207519531
2024-04-29,62.96601867675781
2024-04-30,62.52913284301758
2024-05-01,62.38042068481445
2024-05-02,63.64456558227539
2024-05-03,64.37889862060547
2024-05-06,64.76000213623047
2024-05-07,64.0535659790039
2024-05-08,63.244869232177734
2024-05-09,63.52373504638672
2024-05-10,63.16120910644531
2024-05-13,62.910240173339844
2024-05-14,63.40288543701172
2024-05-15,64.10933685302734
2024-05-16,63.45866394042969
2024-05-17,63.88624954223633
2024-05-20,64.34171295166016
2024-05-21,63.96989822387695
2024-05-22,63.226280212402344
2024-05-23,62.94742965698242
2024-05-24,63.63527297973633
2024-05-28,63.99778747558594
2024-05-29,62.71504211425781
2024-05-30,63.26346206665039
2024-05-31,64.10933685302734
2024-06-03,64.50902557373047
2024-06-04,64.58338928222656
2024-06-05,64.3974838256836
2024-06-06,64.36029815673828
2024-06-07,63.88624954223633
2024-06-10,64.45325469970703
2024-06-11,63.731292724609375
2024-06-12,64.0403060913086
2024-06-13,62.87916946411133
2024-06-14,62.86044692993164
2024-06-17,62.373512268066406
2024-06-18,62.42033767700195
2024-06-20,62.25178527832031
2024-06-21,61.811676025390625
2024-06-24,62.27988052368164
2024-06-25,63.26309585571289
2024-06-26,63.028995513916016
2024-06-27,63.347373962402344
2024-06-28,63.89984130859375
2024-07-01,63.47846603393555
2024-07-02,64.48040771484375
2024-07-03,65.07034301757812
2024-07-05,65.51045227050781
2024-07-08,65.19207763671875
2024-07-09,65.54791259765625
2024-07-10,66.74649810791016
2024-07-11,66.49366760253906
2024-07-12,66.8588638305664
2024-07-15,66.54048156738281
2024-07-16,67.32707214355469
2024-07-17,66.93377685546875
2024-07-18,65.92247009277344
2024-07-19,65.51045227050781
2024-07-22,65.82882690429688
2024-07-23,65.77263641357422
2024-07-24,64.48040771484375
2024-07-25,63.4691047668457
2024-07-26,64.32122802734375
2024-07-29,64.4710464477539
2024-07-30,64.5553207397461
2024-07-31,66.45621490478516
2024-08-01,63.253726959228516
2024-08-02,60.53817367553711
2024-08-05,59.39576721191406
2024-08-06,59.1054801940918
2024-08-07,60.08869934082031
2024-08-08,61.36220932006836
2024-08-09,61.212379455566406
2024-08-12,61.54949188232422
2024-08-13,63.30991744995117
2024-08-14,63.40355682373047
2024-08-15,64.62088012695312
2024-08-16,64.95797729492188
2024-08-19,65.885009765625
2024-08-20,65.56663513183594
2024-08-21,66.32511901855469
2024-08-22,65.83818817138672
2024-08-23,67.35515594482422
2024-08-26,66.51239013671875
2024-08-27,67.16788482666016
2024-08-28,66.8775863647461
2024-08-29,66.9899673461914
2024-08-30,67.39260864257812
2024-09-03,66.38129425048828
2024-09-04,65.6977310180664
2024-09-05,66.09102630615234
2024-09-06,63.7593879699707
2024-09-09,64.92051696777344
2024-09-10,64.74259948730469
2024-09-11,65.1358871459961
2024-09-12,65.7820053100586
2024-09-13,65.42618560791016
2024-09-16,66.05355834960938
2024-09-17,65.2763442993164
2024-09-18,64.97669982910156
2024-09-19,66.69967651367188
2024-09-20,66.73712921142578
2024-09-23,67.13977813720703
2024-09-24,66.55921936035156
2024-09-25,66.43748474121094
2024-09-26,68.34774017333984
2024-09-27,66.55921936035156
2024-09-30,66.9899673461914
2024-10-01,67.0835952758789
2024-10-02,66.69967651367188
2024-10-03,66.43748474121094
2024-10-04,67.30833435058594
2024-10-07,66.52176666259766
2024-10-08,66.72777557373047
2024-10-09,66.38129425048828
2024-10-10,66.39067077636719
2024-10-11,66.5311279296875
2024-10-14,66.64348602294922
2024-10-15,65.2763442993164
2024-10-16,65.66963958740234
2024-10-17,65.32318115234375
2024-10-18,65.66963958740234
2024-10-21,64.58341217041016
2024-10-22,63.731292724609375
2024-10-23,62.42969512939453
2024-10-24,62.944725036621094
2024-10-25,62.96344757080078
2024-10-28,63.394187927246094
2024-10-29,64.01220703125
2024-10-30,64.06840515136719
2024-10-31,63.740657806396484
2024-11-01,63.65637969970703
2024-11-04,63.712562561035156
2024-11-05,64.67704772949219
2024-11-06,64.96733856201172
2024-11-07,65.52919006347656
2024-11-08,65.01415252685547
2024-11-11,65.17333984375
2024-11-12,64.14330291748047
2024-11-13,63.431636810302734
2024-11-14,63.506561279296875
2024-11-15,63.19754409790039
2024-11-18,63.56273651123047
2024-11-19,63.4691047668457
2024-11-20,63.00089645385742
2024-11-21,63.17881774902344
2024-11-22,63.628292083740234
2024-11-25,64.06840515136719
2024-11-26,63.740657806396484
2024-11-27,63.56273651123047
2024-11-29,65.25762176513672
2024-12-02,66.05355834960938
2024-12-03,66.99932861328125
2024-12-04,66.62477111816406
2024-12-05,66.5030288696289
2024-12-06,66.55921936035156
2024-12-09,65.97865295410156
2024-12-10,65.62281799316406
2024-12-11,66.54985809326172
2024-12-12,65.89437866210938
2024-12-13,65.11715698242188
2024-12-16,64.78005981445312
2024-12-17,64.55561065673828
2024-12-18,62.938865661621094
2024-12-19,63.13859176635742
2024-12-20,62.96739959716797
2024-12-23,63.23369216918945
2024-12-24,63.195648193359375
2024-12-26,63.92794418334961
2024-12-27,64.41297149658203
2024-12-30,63.87088394165039
2024-12-31,63.813812255859375
2025-01-02,63.728233337402344
2025-01-03,63.9849967956543
2025-01-06,64.12765502929688
2025-01-07,63.97548294067383
2025-01-08,63.813812255859375
2025-01-10,62.04490280151367
2025-01-13,62.216094970703125
2025-01-14,62.09246063232422
2025-01-15,63.02446365356445
2025-01-16,62.62503433227539
2025-01-17,62.938865661621094
2025-01-21,64.03255462646484
2025-01-22,63.95647048950195
2025-01-23,64.4985580444336
2025-01-24,65.12623596191406
2025-01-27,64.4224624633789
2025-01-28,64.96456146240234
2025-01-29,64.76483917236328
2025-01-30,65.73489379882812
2025-01-31,64.96456146240234
2025-02-03,64.34638977050781
2025-02-04,64.926513671875
2025-02-05,65.73489379882812
2025-02-06,66.00118255615234
2025-02-07,65.12623596191406
2025-02-10,65.38300323486328
2025-02-11,65.37349700927734
2025-02-12,64.68875122070312
2025-02-13,65.86803436279297
2025-02-14,65.97264862060547
2025-02-18,66.6668930053711
2025-02-19,66.21040344238281
2025-02-20,66.29598999023438
2025-02-21,65.70635223388672
2025-02-24,65.41154479980469
2025-02-25,66.06774139404297
2025-02-26,66.10579681396484
2025-02-27,65.62075805664062
2025-02-28,65.11671447753906
2025-03-03,65.82048034667969
2025-03-04,65.27839660644531
2025-03-05,66.71444702148438
2025-03-06,66.20088958740234
2025-03-07,66.73346710205078
2025-03-10,65.31643676757812
2025-03-11,64.91700744628906
2025-03-12,66.11529541015625
2025-03-13,65.86803436279297
2025-03-14,66.90464782714844
2025-03-17,67.60841369628906
2025-03-18,67.41819763183594
2025-03-19,68.18852996826172
2025-03-20,67.8271484375
2025-03-21,67.83665466308594
2025-03-24,67.68448638916016
2025-03-25,68.16951751708984
2025-03-26,67.2850570678711
2025-03-27,67.18995666503906
2025-03-28,65.82998657226562
2025-03-31,65.20231628417969
2025-04-01,64.85994720458984
2025-04-02,64.87895965576172
2025-04-03,62.20659255981445
2025-04-04,58.497581481933594
2025-04-07,58.316890716552734
2025-04-08,58.63072967529297
2025-04-09,63.091033935546875
2025-04-10,61.074859619140625
2025-04-11,62.59649658203125
2025-04-14,63.62361145019531
2025-04-15,64.13716125488281
2025-04-16,63.50947952270508
2025-04-17,64.73631286621094
2025-04-21,64.59365844726562
2025-04-22,65.8775405883789
2025-04-23,66.07726287841797
2025-04-24,66.83807373046875
2025-04-25,67.3040771484375
2025-04-28,68.22657012939453
2025-04-29,68.49285888671875
2025-04-30,67.9317626953125
2025-05-01,67.68448638916016
2025-05-02,68.36922454833984
2025-05-05,68.84474182128906
2025-05-06,68.88278198242188
2025-05-07,68.45482635498047
2025-05-08,68.31216430664062
2025-05-09,68.48336029052734
2025-05-12,69.23466491699219
2025-05-13,68.71159362792969
2025-05-14,67.95077514648438
2025-05-15,68.7591552734375
2025-05-16,68.9398422241211
2025-05-19,69.01592254638672
2025-05-20,69.41535949707031
2025-05-21,68.7686538696289
2025-05-22,68.82572937011719
2025-05-23,69.45339965820312
2025-05-27,71.27936553955078
2025-05-28,70.00499725341797
2025-05-29,70.4044189453125
2025-05-30,70.4900131225586
2025-06-02,71.36495971679688
2025-06-03,70.49951934814453
2025-06-04,70.45198059082031
2025-06-05,69.79576873779297
2025-06-06,70.2047119140625
2025-06-09,70.309326171875
2025-06-10,70.26176452636719
2025-06-11,70.06204986572266
2025-06-12,70.57561492919922
2025-06-13,69.9954833984375
2025-06-16,70.13066864013672
2025-06-17,69.29656982421875
2025-06-18,70.0347900390625
2025-06-20,68.79803466796875
2025-06-23,69.04730224609375
2025-06-24,69.73758697509766
2025-06-25,69.44996643066406
2025-06-26,70.91681671142578
2025-06-27,72.17274475097656
2025-06-30,71.87554168701172
2025-07-01,71.3482437133789
2025-07-02,71.38658905029297
2025-07-03,71.52080535888672
2025-07-07,69.81427764892578
2025-07-08,70.16901397705078
2025-07-09,70.27447509765625
2025-07-10,69.92932891845703
2025-07-11,69.3732681274414
2025-07-14,69.42121124267578
2025-07-15,68.73092651367188
2025-07-16,69.04730224609375
2025-07-17,69.40203094482422
2025-07-18,68.8459701538086
2025-07-21,69.61295318603516
2025-07-22,69.96768188476562
2025-07-23,73.33280181884766
2025-07-24,73.39032745361328
2025-07-25,72.55623626708984
2025-07-28,71.20442962646484
2025-07-29,70.83052825927734
2025-07-30,70.92640686035156
2025-07-31,70.58126831054688
2025-08-01,71.01268768310547
2025-08-04,72.18233489990234
2025-08-05,71.93305969238281
2025-08-06,72.89179229736328
2025-08-07,73.45743560791016
2025-08-08,74.71336364746094
2025-08-11,74.57913970947266
2025-08-12,75.95970916748047
2025-08-13,75.99805450439453
2025-08-14,75.54745483398438
2025-08-15,76.84172821044922
2025-08-18,76.98554229736328
2025-08-19,76.71708679199219
2025-08-20,76.352783203125
2025-08-21,75.45157623291016
2025-08-22,76.71708679199219
2025-08-25,75.78713989257812
2025-08-26,75.6624984741211
2025-08-27,75.38446807861328
2025-08-28,76.0172348022461
2025-08-29,75.04891204833984
2025-09-02,74.92428588867188
2025-09-03,74.71336364746094
2025-09-04,75.4803466796875
2025-09-05,75.9117660522461
2025-09-08,77.61830139160156
2025-09-09,76.75543975830078
2025-09-10,77.0430679321289
2025-09-11,77.96343994140625
2025-09-12,77.42655181884766
2025-09-15,77.99219512939453
2025-09-16,77.99219512939453
2025-09-17,77.81962585449219
2025-09-18,78.12641906738281
2025-09-19,77.45531463623047
2025-09-22,77.89632415771484
2025-09-23,77.74292755126953
2025-09-24,77.5128402709961
2025-09-25,77.13893127441406
2025-09-26,77.11976623535156
2025-09-29,77.1868667602539
2025-09-30,76.89925384521484
2025-10-01,76.89925384521484
2025-10-02,76.84172821044922
2025-10-03,78.40444946289062
2025-10-06,79.83293914794922
2025-10-07,78.57701873779297
2025-10-08,78.37568664550781
2025-10-09,78.18394470214844
2025-10-10,75.1256103515625
2025-10-13,76.0172348022461
2025-10-14,76.73626708984375
2025-10-15,77.93467712402344
2025-10-16,78.18394470214844
2025-10-17,78.61537170410156
2025-10-20,80.09180450439453
2025-10-21,79.1618423461914
2025-10-22,78.7879409790039
2025-10-23,78.82628631591797
2025-10-24,79.09473419189453
2025-10-27,80.08221435546875
2025-10-28,80.46570587158203
2025-10-29,79.79460144042969
2025-10-30,79.77542114257812
2025-10-31,80.0055160522461
2025-11-03,80.18767547607422
2025-11-04,79.4111099243164
2025-11-05,79.3823471069336
2025-11-06,79.5357437133789
2025-11-07,79.85211944580078
2025-11-10,80.22602844238281
2025-11-11,80.29313659667969
2025-11-12,80.85877990722656
2025-11-13,79.58368682861328
2025-11-14,80.5136489868164
2025-11-17,79.06597137451172
2025-11-18,77.44572448730469
2025-11-19,77.349853515625
2025-11-20,76.20896911621094
2025-11-21,77.83880615234375
2025-11-24,78.36609649658203
2025-11-25,78.5386734008789
2025-11-26,79.8233642578125
2025-11-28,79.58368682861328
2025-12-01,79.12349700927734
2025-12-02,79.06597137451172
2025-12-03,79.2001953125
2025-12-04,80.16851043701172
2025-12-05,80.24520111083984
2025-12-08,79.75625610351562
2025-12-09,79.87129211425781
2025-12-10,80.446533203125
2025-12-11,80.74374389648438
2025-12-12,80.5328140258789
2025-12-15,81.36690521240234
2025-12-16,80.41309356689453
2025-12-17,79.30908966064453
2025-12-18,79.53784942626953
2025-12-19,80.1445541381836
2025-12-22,80.02519989013672
2025-12-23,80.70152282714844
2025-12-24,80.5622787475586
2025-12-26,80.5324478149414
2025-12-29,80.65179443359375
2025-12-30,80.54238891601562
2025-12-31,80.30368041992188
2026-01-02,80.8905029296875
2026-01-05,82.68077087402344
2026-01-06,82.62109375
2026-01-07,82.4719009399414
2026-01-08,82.4122314453125
2026-01-09,84.15277099609375
2026-01-12,84.8291015625
2026-01-13,83.99363708496094
2026-01-14,84.58045196533203
2026-01-15,84.9583969116211
2026-01-16,85.01807403564453
2026-01-20,83.26758575439453
2026-01-21,84.32185363769531
2026-01-22,84.40142059326172
2026-01-23,84.10304260253906
2026-01-26,84.17266082763672
2026-01-27,85.3761215209961
2026-01-28,84.74952697753906
2026-01-29,85.62477111816406
2026-01-30,85.25677490234375
2026-02-02,85.42585754394531
2026-02-03,86.21158599853516
2026-02-04,87.01720428466797
2026-02-05,85.63471984863281
2026-02-06,88.9168930053711
2026-02-09,90.79667663574219
2026-02-10,92.59689331054688
2026-02-11,93.46219635009766
2026-02-12,92.86544036865234
2026-02-13,93.34284210205078
2026-02-17,91.37354278564453
2026-02-18,90.88618469238281
2026-02-19,90.70716094970703
2026-02-20,90.97570037841797
2026-02-23,90.89613342285156
2026-02-24,90.73699951171875
2026-02-25,91.94046020507812
2026-02-26,91.9802474975586
2026-02-27,91.87084197998047
2026-03-02,89.71256256103516
2026-03-03,86.36077880859375
2026-03-04,88.11125946044922
2026-03-05,85.42585754394531
2026-03-06,84.31190490722656
2026-03-09,85.17720794677734
2026-03-10,85.9927749633789
2026-03-11,85.2667236328125
2026-03-12,83.73504638671875
2026-03-13,82.90953063964844
2026-03-16,84.61029052734375
2026-03-17,84.62023162841797
2026-03-18,83.69525909423828
2026-03-19,83.62564086914062
2026-03-20,80.76119995117188
2026-03-23,83.09850311279297
2026-03-24,82.8299560546875
2026-03-25,84.2920150756836
2026-03-26,82.2630386352539
2026-03-27,80.98995971679688
2026-03-30,81.0794677734375
2026-03-31,83.98369598388672
2026-04-01,86.0126724243164
2026-04-02,84.8291015625
2026-04-06,85.10758209228516
2026-04-07,85.04791259765625
2026-04-08,88.92683410644531
2026-04-09,87.7432632446289
2026-04-10,87.65374755859375
2026-04-13,87.87255859375
2026-04-14,88.92683410644531
2026-04-15,88.58866882324219
2026-04-16,88.92683410644531
2026-04-17,89.70262145996094
2026-04-20,88.8472671508789
2026-04-21,86.66909790039062
2026-04-22,87.28575134277344
2026-04-23,86.59947967529297
2026-04-24,86.84812927246094
2026-04-27,87.20618438720703
2026-04-28,87.08683013916016
2026-04-29,86.34088134765625
2026-04-30,88.6185073852539
2026-05-01,87.82283782958984
2026-05-04,87.64380645751953
2026-05-05,88.77764892578125
2026-05-06,91.1845703125
2026-05-07,90.498291015625
2026-05-08,91.72164916992188
2026-05-11,91.76143646240234
2026-05-12,91.56250762939453
2026-05-13,92.58694458007812
2026-05-14,91.56250762939453
2026-05-15,90.57786560058594
2026-05-18,90.42867279052734
2026-05-19,89.80207824707031
2026-05-20,90.71710968017578
2026-05-21,90.8762435913086
2026-05-22,91.11494445800781
2026-05-26,92.3979721069336
2026-05-27,91.79127502441406
2026-05-28,92.19905090332031
2026-05-29,92.45764923095703
2026-06-01,92.42781066894531
2026-06-02,93.07430267333984
2026-06-03,93.43235778808594
2026-06-04,93.62132263183594
2026-06-05,90.2297592163086
2026-06-08,91.4531021118164
2026-06-09,90.45851135253906
2026-06-10,88.80747985839844
2026-06-11,91.6818618774414
2026-06-12,92.20899963378906
2026-06-15,94.05999755859375
2026-06-16,94.12000274658203
2026-06-17,94.44999694824219
2026-06-18,96.26000213623047
2026-06-22,96.97000122070312
2026-06-23,92.75
2026-06-24,92.61000061035156
2026-06-25,93.38999938964844
2026-06-26,92.80000305175781
2026-06-29,93.20999908447266
2026-06-30,93.2699966430664
2026-07-01,93.05000305175781
2026-07-02,93.13999938964844
2026-07-06,95.2699966430664
2026-07-07,93.06999969482422
2026-07-08,92.54000091552734
2026-07-09,93.5199966430664
2026-07-10,94.55000305175781
2026-07-13,92.72000122070312
2026-07-14,93.88999938964844
2026-07-15,93.5
2026-07-16,91.91000366210938
2026-07-17,90.48999786376953
2026-07-20,90.43000030517578
2026-07-21,92.73999786376953
2026-07-22,92.19000244140625
2026-07-23,91.0999984741211
2026-07-24,91.20999908447266
2026-07-27,91.51000213623047
2026-07-28,89.83000183105469
2026-07-29,89.3499984741211
2026-07-30,93.29000091552734
2026-07-31,92.38999938964844
2026-08-03,92.91000366210938
2026-08-04,94.61000061035156
2026-08-05,95.16000366210938
2026-08-06,95.1500015258789
2026-08-07,96.9000015258789
2026-08-10,96.05000305175781
2026-08-11,96.27999877929688
2026-08-12,97.79000091552734
